entity,code,year,gini-coefficient,world-region,gdp-per-capita,homicide-rate-100000,hdi,political-corruption-index,rule-of-law-index,urbanization
Albania,ALB,1996,0.2701034247875213,Europe,3965.6853,8.380375,0.647,0.682,0.496,38.899605
Albania,ALB,2002,0.3173897862434387,Europe,5608.9624,6.891948,0.697,0.744,0.515,43.152042
Albania,ALB,2005,0.3059565424919128,Europe,6858.4673,5.006243,0.723,0.722,0.542,45.993767
Albania,ALB,2008,0.2998467087745666,Europe,8522.13,3.1073225,0.749,0.757,0.516,49.38507
Albania,ALB,2012,0.2896048426628113,Europe,9634.334,5.3951817,0.79,0.766,0.525,53.863754
Albania,ALB,2014,0.3459889590740204,Europe,9942.276,4.614723,0.797,0.767,0.551,54.732582
Albania,ALB,2015,0.327537328004837,Europe,10192.529,2.2079382,0.797,0.767,0.551,55.15793
Albania,ALB,2016,0.3373629748821258,Europe,10547.255,2.7261436,0.797,0.767,0.551,55.57387
Albania,ALB,2017,0.3305566310882568,Europe,10958.307,2.0012128,0.798,0.763,0.543,55.980278
Albania,ALB,2018,0.3014828264713287,Europe,11426.92,2.2803986,0.801,0.745,0.553,56.377
Albania,ALB,2019,0.301157683134079,Europe,11715.307,2.2530255,0.805,0.688,0.569,56.76391
Albania,ALB,2020,0.2941963076591491,Europe,11372.541,2.1239898,0.794,0.688,0.563,57.140858
Algeria,DZA,2011,0.2761573195457458,Africa,13204.0,0.75873816,0.718,0.67,0.252,67.7344
Armenia,ARM,1999,0.3621972501277923,Asia,5000.4526,2.8415496,0.661,0.771,0.282,65.16787
Armenia,ARM,2001,0.3536435961723327,Asia,5457.5103,2.8531137,0.672,0.866,0.217,64.822815
Armenia,ARM,2002,0.3477967381477356,Asia,6082.146,2.2581267,0.682,0.866,0.218,64.739624
Armenia,ARM,2004,0.3750563263893127,Asia,7229.6484,2.746034,0.7,0.866,0.224,64.59727
Armenia,ARM,2005,0.3599235415458679,Asia,8006.9604,1.9292492,0.711,0.866,0.221,64.533424
Armenia,ARM,2006,0.2970998585224151,Asia,8798.75,2.6418073,0.725,0.866,0.221,64.4759
Armenia,ARM,2007,0.3122605681419372,Asia,9713.213,2.5883927,0.739,0.866,0.221,64.425766
Armenia,ARM,2008,0.2918814122676849,Asia,10080.8125,3.277038,0.743,0.858,0.225,64.384094
Armenia,ARM,2009,0.2801587879657745,Asia,8399.087,3.2931406,0.741,0.858,0.23,64.35195
Armenia,ARM,2010,0.299925833940506,Asia,8330.812,1.9105599,0.747,0.854,0.228,64.330414
Armenia,ARM,2011,0.2935294508934021,Asia,8465.0,2.4287865,0.752,0.854,0.226,64.32075
Armenia,ARM,2012,0.2960226237773895,Asia,9076.433,2.2241023,0.761,0.848,0.234,64.326836
Armenia,ARM,2013,0.3057966232299804,Asia,9395.087,2.1556754,0.766,0.847,0.248,64.358406
Armenia,ARM,2014,0.3148328959941864,Asia,9745.136,2.4637098,0.772,0.847,0.239,64.41429
Armenia,ARM,2015,0.3235677182674408,Asia,10076.352,2.567458,0.777,0.847,0.237,64.492966
Armenia,ARM,2016,0.3254794776439667,Asia,10113.051,2.9806848,0.783,0.847,0.247,64.59287
Armenia,ARM,2017,0.336218386888504,Asia,10894.957,2.4014022,0.785,0.813,0.266,64.712494
Armenia,ARM,2018,0.344334989786148,Asia,11490.369,1.7182341,0.789,0.344,0.677,64.85028
Armenia,ARM,2019,0.3003121316432953,Asia,12399.231,2.5137987,0.796,0.291,0.774,65.0047
Armenia,ARM,2020,0.2513160407543182,Asia,11546.176,2.5943546,0.761,0.3,0.699,65.17422
Armenia,ARM,2021,0.2794013023376465,Asia,12242.478,3.1355078,0.786,0.311,0.718,65.357285
Armenia,ARM,2022,0.2794529497623443,Asia,13837.577,2.7422228,0.801,0.319,0.631,65.56245
Australia,AUS,1995,0.3257850110530853,Oceania,30690.062,1.9673568,0.882,0.035,0.993,85.28687
Australia,AUS,2001,0.3346192836761474,Oceania,37275.992,1.7918525,0.9,0.035,0.993,85.14811
Australia,AUS,2003,0.3349674940109253,Oceania,39523.656,1.5237553,0.906,0.035,0.993,85.409706
Australia,AUS,2004,0.3305571973323822,Oceania,40887.727,1.3119382,0.91,0.035,0.993,85.51877
Australia,AUS,2008,0.3542850911617279,Oceania,44421.64,1.2213047,0.924,0.035,0.993,86.02538
Australia,AUS,2010,0.3465672731399536,Oceania,45400.223,1.043286,0.929,0.035,0.993,86.21986
Australia,AUS,2014,0.3439816236495971,Oceania,47753.848,1.029853,0.937,0.039,0.988,86.72213
Australia,AUS,2016,0.3368518650531769,Oceania,48675.137,0.9330059,0.939,0.038,0.989,87.01663
Australia,AUS,2018,0.3433252573013305,Oceania,49614.387,0.8797874,0.945,0.035,0.988,87.22677
Australia,AUS,2020,0.3382901847362518,Oceania,48268.945,0.8584594,0.95,0.033,0.989,87.27135
Austria,AUT,1994,0.308280199766159,Europe,28780.76,1.10857,0.851,0.065,0.961,65.58547
Austria,AUT,1995,0.2991432845592499,Europe,29621.682,0.9810924,0.856,0.065,0.961,65.86294
Austria,AUT,1996,0.2931780815124511,Europe,30413.156,1.2435757,0.861,0.065,0.961,66.11093
Austria,AUT,1997,0.2906536757946014,Europe,31173.049,0.82812583,0.865,0.065,0.961,66.3275
Austria,AUT,1998,0.3134077191352844,Europe,32376.33,0.96509784,0.87,0.065,0.961,66.51067
Austria,AUT,1999,0.2967053949832916,Europe,33608.297,0.75057304,0.874,0.065,0.961,66.65851
Austria,AUT,2000,0.2896469235420227,Europe,34796.258,1.0233463,0.879,0.073,0.957,66.76903
Austria,AUT,2003,0.2946562767028808,Europe,36063.12,0.6155663,0.889,0.075,0.955,66.92636
Austria,AUT,2004,0.2978884577751159,Europe,36957.113,0.7218458,0.895,0.092,0.949,66.955864
Austria,AUT,2005,0.2871520817279815,Europe,37642.76,0.6561995,0.898,0.092,0.949,66.9798
Austria,AUT,2006,0.295875608921051,Europe,38866.848,0.73761487,0.902,0.077,0.955,67.000694
Austria,AUT,2007,0.3057945072650909,Europe,40305.273,0.5423679,0.905,0.06,0.967,67.0211
Austria,AUT,2008,0.3043709397315979,Europe,40964.793,0.69684297,0.907,0.06,0.967,67.04356
Austria,AUT,2009,0.3149490654468536,Europe,39463.656,0.6111396,0.907,0.06,0.967,67.07059
Austria,AUT,2010,0.3025166392326355,Europe,40288.348,0.7292209,0.912,0.06,0.967,67.104744
Austria,AUT,2011,0.3080105781555176,Europe,41446.0,0.9174017,0.915,0.065,0.963,67.14842
Austria,AUT,2012,0.3047561645507812,Europe,41540.94,0.96067166,0.916,0.06,0.966,67.20859
Austria,AUT,2013,0.3075290620326996,Europe,41301.94,0.71922034,0.915,0.043,0.969,67.298134
Austria,AUT,2014,0.3053537309169769,Europe,41250.508,0.49135348,0.919,0.043,0.969,67.415436
Austria,AUT,2015,0.3053083121776581,Europe,41255.715,0.50902134,0.919,0.043,0.969,67.55762
Austria,AUT,2016,0.3079513907432556,Europe,41545.5,0.61799634,0.921,0.043,0.969,67.72181
Austria,AUT,2017,0.2973693013191223,Europe,42216.918,0.79556507,0.922,0.049,0.967,67.90512
Austria,AUT,2018,0.3084742128849029,Europe,43032.215,0.97266906,0.925,0.053,0.951,68.104675
Austria,AUT,2019,0.3021051585674286,Europe,43488.668,0.8670316,0.928,0.074,0.955,68.317604
Austria,AUT,2020,0.2980069816112518,Europe,40503.04,0.72858477,0.925,0.074,0.957,68.541016
Austria,AUT,2021,0.3070168197154999,Europe,42184.695,0.72487557,0.93,0.105,0.943,68.773605
Austria,AUT,2022,0.308929294347763,Europe,43792.855,0.8715148,0.927,0.107,0.929,68.998085
Azerbaijan,AZE,1995,0.3464882373809814,Asia,2999.319,5.738876,0.618,0.928,0.048,52.311676
Azerbaijan,AZE,2001,0.3645493686199188,Asia,4498.7944,2.6418574,0.66,0.959,0.041,51.15848
Azerbaijan,AZE,2002,0.2527766525745392,Asia,4880.4,2.5461998,0.669,0.959,0.041,51.214417
Bangladesh,BGD,2000,0.334065318107605,Asia,1485.3092,2.4846835,0.477,0.804,0.271,23.314512
Bangladesh,BGD,2005,0.3320129215717315,Asia,1925.6062,2.4821064,0.52,0.845,0.232,25.476954
Bangladesh,BGD,2010,0.3213031888008117,Asia,2599.2083,2.6202023,0.561,0.912,0.123,27.725437
Bangladesh,BGD,2016,0.3238527178764343,Asia,3598.5103,2.2330432,0.632,0.888,0.136,29.875391
Barbados,BRB,2016,0.3406803607940674,North America,12124.693,7.868454,0.803,0.122,0.899,59.251026
Belarus,BLR,1998,0.3201834857463836,Europe,8481.967,10.277188,0.709,0.398,0.253,69.02342
Belarus,BLR,1999,0.3173814713954925,Europe,8689.713,9.701946,0.716,0.369,0.266,69.48077
Belarus,BLR,2000,0.3116748332977295,Europe,9110.9795,10.138807,0.724,0.369,0.262,69.91723
Belarus,BLR,2001,0.3057672381401062,Europe,9462.374,9.750389,0.731,0.359,0.278,70.31472
Belarus,BLR,2002,0.3033624291419983,Europe,9870.309,10.016763,0.738,0.359,0.272,70.88047
Belarus,BLR,2007,0.2961238026618957,Europe,14856.956,6.7864785,0.786,0.359,0.261,73.09135
Belarus,BLR,2008,0.2782604396343231,Europe,16223.997,5.7926254,0.796,0.359,0.261,73.55317
Belarus,BLR,2009,0.2768930494785309,Europe,16088.725,5.1223598,0.798,0.359,0.261,74.19096
Belarus,BLR,2010,0.2856659889221191,Europe,17172.46,4.225166,0.803,0.359,0.261,74.55014
Belarus,BLR,2011,0.271525502204895,Europe,17918.0,3.9376168,0.812,0.359,0.26,75.05975
Belarus,BLR,2012,0.2652619779109955,Europe,18245.008,3.592912,0.818,0.359,0.27,75.52811
Belarus,BLR,2013,0.265750527381897,Europe,18456.41,3.5184283,0.821,0.345,0.251,75.94971
Belarus,BLR,2014,0.2717666625976562,Europe,18805.18,3.589259,0.825,0.345,0.251,76.34052
Belarus,BLR,2015,0.2563322484493255,Europe,18122.863,3.436175,0.825,0.345,0.251,76.62639
Belarus,BLR,2016,0.2530661523342132,Europe,17701.959,3.2318976,0.825,0.33,0.275,76.84587
Belarus,BLR,2017,0.2544457018375397,Europe,18193.273,2.527436,0.828,0.334,0.272,77.02082
Belarus,BLR,2018,0.2524052560329437,Europe,18809.494,2.3839583,0.827,0.334,0.279,77.21327
Belarus,BLR,2019,0.2527784705162048,Europe,19130.395,2.3846316,0.826,0.333,0.288,77.45508
Belgium,BEL,1992,0.2494648247957229,Europe,28199.574,1.2039715,0.845,0.047,0.975,79.281456
Belgium,BEL,1995,0.2841081917285919,Europe,29370.088,1.4007723,0.875,0.047,0.975,80.34017
Belgium,BEL,1997,0.2683219611644745,Europe,30894.283,1.4241567,0.884,0.031,0.979,81.02427
Belgium,BEL,2000,0.3313597738742828,Europe,33719.77,2.0679462,0.894,0.031,0.979,82.01525
Belgium,BEL,2021,0.2657763361930847,Europe,40970.805,1.0803015,0.948,0.031,0.976,87.43056
Bolivia,BOL,2015,0.4673164486885071,South America,6176.267,4.9297733,0.704,0.661,0.415,68.395805
Bolivia,BOL,2016,0.4524082243442535,South America,6337.799,5.7423873,0.714,0.662,0.408,68.74464
Bolivia,BOL,2017,0.4461779594421386,South America,6503.387,6.5846376,0.715,0.66,0.403,69.0838
Bolivia,BOL,2018,0.4257908761501312,South America,6679.4385,4.987675,0.722,0.654,0.392,69.41339
Bolivia,BOL,2019,0.4164430201053619,South America,6730.809,4.2582774,0.728,0.668,0.343,69.7335
Bolivia,BOL,2020,0.4364543855190277,South America,6062.065,3.6221154,0.697,0.655,0.385,70.044266
Bolivia,BOL,2021,0.4091332256793976,South America,6355.615,3.501612,0.693,0.575,0.483,70.34504
Bolivia,BOL,2022,0.4120837748050689,South America,6481.3906,4.0158467,0.727,0.674,0.383,70.63526
Bosnia and Herzegovina,BIH,2001,0.2996641993522644,Europe,7129.3867,1.9619863,0.677,0.664,0.478,42.87615
Bosnia and Herzegovina,BIH,2004,0.3403748869895935,Europe,7857.3784,1.6421206,0.694,0.683,0.426,43.838047
Bosnia and Herzegovina,BIH,2007,0.3306158781051636,Europe,8811.861,1.6444811,0.709,0.683,0.439,44.792606
Bosnia and Herzegovina,BIH,2011,0.3303018510341644,Europe,8961.0,1.3629813,0.731,0.678,0.438,46.05288
Botswana,BWA,2002,0.6153864860534668,Africa,8604.067,14.61517,0.594,0.145,0.909,55.014297
Botswana,BWA,2009,0.5693109035491943,Africa,11494.757,14.517703,0.644,0.146,0.901,62.750187
Brazil,BRA,1990,0.6045087575912476,South America,7842.0,19.646343,0.641,0.605,0.653,74.8699
Brazil,BRA,1992,0.5310341715812683,South America,7812.7944,16.83152,0.648,0.605,0.652,76.09109
Brazil,BRA,1993,0.6006689667701721,South America,8166.2354,17.865892,0.654,0.563,0.684,76.64064
Brazil,BRA,1995,0.5953119397163391,South America,8951.694,21.022089,0.666,0.514,0.713,77.7145
Brazil,BRA,1996,0.5983837842941284,South America,9124.516,23.6866,0.671,0.507,0.716,78.30214
Brazil,BRA,1997,0.597547173500061,South America,9409.946,24.30493,0.676,0.506,0.718,79.00085
Brazil,BRA,1998,0.595662534236908,South America,9419.107,24.799057,0.68,0.506,0.718,79.78907
Brazil,BRA,1999,0.5895122289657593,South America,9441.759,25.002106,0.684,0.506,0.718,80.54661
Brazil,BRA,2001,0.5840287804603577,South America,9953.31,27.20061,0.694,0.506,0.73,81.59605
Brazil,BRA,2002,0.5810567140579224,South America,10245.069,27.848196,0.7,0.545,0.722,81.99435
Brazil,BRA,2003,0.5755338668823242,South America,10354.596,28.271088,0.705,0.545,0.722,82.354034
Brazil,BRA,2004,0.5647182464599609,South America,10949.66,26.491837,0.712,0.545,0.722,82.68168
Brazil,BRA,2005,0.5631012916564941,South America,11305.771,25.769392,0.718,0.495,0.795,82.98388
Brazil,BRA,2006,0.5564221143722534,South America,11766.605,26.340307,0.725,0.494,0.793,83.26721
Brazil,BRA,2007,0.5491916537284851,South America,12500.007,25.314459,0.732,0.494,0.793,83.53825
Brazil,BRA,2008,0.5403758883476257,South America,13164.012,26.33593,0.739,0.494,0.793,83.803604
Brazil,BRA,2009,0.5368199944496155,South America,13180.891,26.791449,0.742,0.494,0.793,84.06984
Brazil,BRA,2011,0.5294176936149597,South America,14831.0,26.747099,0.753,0.493,0.799,84.622574
Brazil,BRA,2012,0.5343539118766785,South America,14985.498,28.641361,0.758,0.493,0.799,84.897385
Brazil,BRA,2013,0.5268340110778809,South America,15305.414,28.640411,0.762,0.493,0.796,85.167656
Brazil,BRA,2014,0.520297110080719,South America,15251.89,29.853794,0.765,0.506,0.794,85.433136
Brazil,BRA,2015,0.519265353679657,South America,14583.982,28.850302,0.764,0.506,0.794,85.69357
Brazil,BRA,2016,0.5336719155311584,South America,13990.646,30.119362,0.765,0.535,0.73,85.94871
Brazil,BRA,2017,0.5332115888595581,South America,14062.75,31.161175,0.77,0.535,0.728,86.19829
Brazil,BRA,2018,0.5388841032981873,South America,14197.55,27.160616,0.774,0.535,0.708,86.44207
Brazil,BRA,2019,0.5350940823554993,South America,14257.871,21.24456,0.776,0.546,0.633,86.6798
Brazil,BRA,2020,0.48902028799057,South America,13685.926,22.870605,0.77,0.537,0.635,86.91122
Brazil,BRA,2021,0.5293880701065063,South America,14292.936,21.742752,0.768,0.541,0.639,87.13608
Brazil,BRA,2022,0.5201530456542969,South America,14640.076,21.096361,0.78,0.545,0.635,87.349556
Bulgaria,BGR,1992,0.3071430921554565,Europe,7846.1157,5.3977633,0.709,0.355,0.756,67.15069
Bulgaria,BGR,2006,0.3568882644176483,Europe,12706.182,2.4344614,0.779,0.378,0.785,70.50752
Bulgaria,BGR,2007,0.3609587848186493,Europe,13785.228,2.3329723,0.785,0.348,0.79,70.68442
Bulgaria,BGR,2008,0.3357256948947906,Europe,14761.715,2.2825017,0.791,0.352,0.784,70.9021
Bulgaria,BGR,2009,0.3382307589054107,Europe,14363.259,2.003202,0.793,0.5,0.713,71.301735
Bulgaria,BGR,2010,0.3565346598625183,Europe,14686.461,1.9898896,0.799,0.511,0.696,71.51493
Bulgaria,BGR,2011,0.3427497744560241,Europe,15112.0,1.7344115,0.803,0.511,0.697,72.61017
Bulgaria,BGR,2012,0.3601097464561462,Europe,15314.524,1.9270157,0.807,0.498,0.708,72.768486
Bulgaria,BGR,2013,0.3657089471817016,Europe,15314.154,1.5004269,0.815,0.412,0.728,72.96328
Bulgaria,BGR,2014,0.3741585314273834,Europe,15550.346,1.5505058,0.819,0.406,0.738,73.08449
Bulgaria,BGR,2015,0.3856437802314758,Europe,16186.409,1.7554817,0.824,0.527,0.713,73.10306
Bulgaria,BGR,2016,0.4058967530727386,Europe,16795.824,1.1083933,0.827,0.527,0.698,73.175
Bulgaria,BGR,2017,0.4037896394729614,Europe,17386.271,1.4556997,0.829,0.539,0.693,73.39046
Bulgaria,BGR,2018,0.4128407537937164,Europe,17982.424,1.309656,0.832,0.54,0.668,73.60021
Bulgaria,BGR,2019,0.4027111828327179,Europe,18840.764,1.1898842,0.835,0.561,0.633,73.71623
Bulgaria,BGR,2020,0.4052315354347229,Europe,18203.832,0.9951466,0.826,0.565,0.635,73.32399
Bulgaria,BGR,2021,0.3900544643402099,Europe,19753.994,1.2941265,0.817,0.54,0.633,73.34676
Bulgaria,BGR,2022,0.3820150196552276,Europe,20592.455,1.1134121,0.835,0.301,0.791,73.47992
Burundi,BDI,2013,0.3862397670745849,Africa,738.0,4.981158,0.428,0.882,0.09,12.967096
Cameroon,CMR,2001,0.4213679432868957,Africa,2028.5474,4.9315815,0.458,0.917,0.104,46.762753
Canada,CAN,1990,0.3136535584926605,North America,30082.0,2.3642073,0.865,0.033,0.977,76.55644
Canada,CAN,1991,0.3194338977336883,North America,29151.697,2.6778271,0.868,0.033,0.977,76.59538
Canada,CAN,1992,0.315643161535263,North America,29141.191,2.5719244,0.873,0.033,0.977,76.73528
Canada,CAN,1993,0.3167592287063598,North America,29657.574,2.1713014,0.871,0.033,0.977,76.99657
Canada,CAN,1994,0.3130380511283874,North America,30745.822,2.0447805,0.877,0.035,0.977,77.31713
Canada,CAN,1995,0.3150957822799682,North America,31330.72,1.992591,0.881,0.035,0.977,77.63565
Canada,CAN,1996,0.3276805281639099,North America,31594.242,2.1298606,0.884,0.035,0.977,77.89246
Canada,CAN,1997,0.3311694264411926,North America,32709.691,1.9494935,0.884,0.035,0.977,78.09034
Canada,CAN,1998,0.3321724534034729,North America,33785.746,1.8430616,0.883,0.035,0.977,78.26938
Canada,CAN,1999,0.3306093513965606,North America,35345.723,1.7614692,0.888,0.035,0.977,78.44393
Canada,CAN,2000,0.3341829478740692,North America,36942.562,1.7674592,0.894,0.035,0.977,78.6293
Canada,CAN,2001,0.3355478346347809,North America,37307.207,1.7748687,0.897,0.035,0.977,78.84148
Canada,CAN,2002,0.3356030881404876,North America,38123.99,1.8455346,0.899,0.035,0.977,79.09902
Canada,CAN,2003,0.3380946516990661,North America,38559.977,1.7244368,0.902,0.035,0.977,79.39138
Canada,CAN,2004,0.3377648293972015,North America,39491.57,1.9450605,0.906,0.035,0.977,79.69231
Canada,CAN,2005,0.3362180590629577,North America,40485.02,2.0468447,0.909,0.035,0.977,79.97606
Canada,CAN,2006,0.3409053981304168,North America,41247.15,1.8559688,0.913,0.035,0.977,80.21906
Canada,CAN,2007,0.3384100794792175,North America,41806.863,1.8040521,0.914,0.032,0.979,80.44256
Canada,CAN,2008,0.3393056690692901,North America,41896.426,1.8356256,0.916,0.033,0.979,80.662895
Canada,CAN,2009,0.3395215272903442,North America,40312.62,1.8033268,0.915,0.033,0.979,80.859184
Canada,CAN,2010,0.3359260261058807,North America,41209.426,1.6288027,0.918,0.03,0.98,81.01209
Canada,CAN,2011,0.3265707790851593,North America,42197.0,1.7623847,0.921,0.03,0.98,81.10314
Canada,CAN,2012,0.3353901207447052,North America,42476.344,1.5720516,0.927,0.03,0.98,81.15135
Canada,CAN,2013,0.3379898071289062,North America,43008.83,1.4421947,0.93,0.022,0.98,81.18344
Canada,CAN,2014,0.3315760493278503,North America,43800.64,1.473301,0.932,0.022,0.981,81.21118
Canada,CAN,2015,0.337464839220047,North America,43761.527,1.6990045,0.932,0.021,0.981,81.24657
Canada,CAN,2016,0.3270182311534881,North America,43702.08,1.6944797,0.933,0.021,0.982,81.3023
Canada,CAN,2017,0.3330820500850677,North America,44493.652,1.8066481,0.935,0.021,0.982,81.40189
Canada,CAN,2018,0.3250927031040191,North America,45087.887,1.7750366,0.935,0.021,0.982,81.55003
Canada,CAN,2019,0.3174964785575866,North America,45284.215,1.8235747,0.937,0.023,0.977,81.73637
Canada,CAN,2020,0.2985168397426605,North America,42493.63,2.004092,0.931,0.03,0.965,81.95099
Canada,CAN,2021,0.3111463487148285,North America,44379.594,2.0830052,0.937,0.03,0.967,82.177925
Cape Verde,CPV,2015,0.4238108694553375,Africa,6266.0,8.977475,0.658,0.207,0.853,66.90451
Chile,CHL,2003,0.5147556066513062,South America,15809.178,3.2012978,0.789,0.061,0.958,86.6793
Chile,CHL,2006,0.4770688414573669,South America,17920.803,3.5737662,0.804,0.061,0.958,86.812515
Chile,CHL,2009,0.4740466773509979,South America,18184.48,3.7037623,0.819,0.061,0.96,86.91249
Chile,CHL,2011,0.4686815738677978,South America,19705.0,3.6653225,0.823,0.068,0.96,87.01092
Chile,CHL,2013,0.4682393968105316,South America,21171.06,3.1435506,0.845,0.076,0.958,87.18278
Chile,CHL,2015,0.453433483839035,South America,21574.018,2.321635,0.855,0.085,0.95,87.46533
Chile,CHL,2017,0.4526998400688171,South America,21709.428,4.1974545,0.862,0.073,0.95,87.800026
Chile,CHL,2020,0.4700490832328796,South America,20205.87,5.756139,0.856,0.055,0.944,88.29535
Chile,CHL,2022,0.4304278194904327,South America,22740.72,6.8020124,0.869,0.064,0.953,88.639534
China,CHN,1996,0.3522765934467315,Asia,4219.644,2.0643492,0.555,0.574,0.301,30.479864
China,CHN,2002,0.4198572635650635,Asia,5343.1123,2.0418584,0.619,0.597,0.311,39.089783
China,CHN,2005,0.4090076684951782,Asia,6626.592,1.5854633,0.654,0.552,0.243,42.989998
China,CHN,2008,0.4296503961086273,Asia,8190.1123,1.1104188,0.689,0.548,0.244,46.989506
China,CHN,2010,0.4374495446681976,Asia,9658.419,0.9921857,0.71,0.549,0.244,49.234028
China,CHN,2011,0.4240922331809997,Asia,10221.0,0.8832931,0.717,0.549,0.246,51.83003
China,CHN,2012,0.4223716557025909,Asia,10946.834,0.8240838,0.725,0.537,0.249,53.10031
China,CHN,2013,0.3973639905452728,Asia,11731.295,0.77156913,0.733,0.491,0.263,54.49
China,CHN,2014,0.3917765319347381,Asia,12515.198,0.72646606,0.742,0.483,0.272,55.750256
China,CHN,2015,0.3859530389308929,Asia,13325.432,0.6589624,0.75,0.48,0.261,57.329784
China,CHN,2016,0.3848051726818084,Asia,14138.955,0.6149342,0.758,0.48,0.261,58.839924
China,CHN,2017,0.3907577693462372,Asia,15030.447,0.5657219,0.765,0.481,0.253,60.24027
China,CHN,2018,0.3849764168262481,Asia,15977.008,0.53029966,0.774,0.475,0.261,61.5002
China,CHN,2019,0.3816834390163421,Asia,16879.54,0.5183628,0.781,0.463,0.264,62.709915
China,CHN,2020,0.3709083199501037,Asia,17225.969,0.5018561,0.786,0.455,0.238,63.523422
Colombia,COL,1992,0.5134726166725159,South America,7888.1055,83.482,0.639,0.434,0.671,70.41902
Colombia,COL,1996,0.5677192807197571,South America,8770.583,64.037964,0.663,0.434,0.672,72.33262
Colombia,COL,1999,0.5852622985839844,South America,8382.14,63.333992,0.673,0.434,0.687,73.87
Colombia,COL,2000,0.5837996006011963,South America,8496.792,67.89216,0.679,0.408,0.7,74.34936
Colombia,COL,2001,0.5731984376907349,South America,8528.033,70.10959,0.681,0.408,0.7,74.79384
Colombia,COL,2002,0.5600672960281372,South America,8630.542,70.396095,0.684,0.408,0.726,75.192444
Colombia,COL,2003,0.5357276797294617,South America,8855.218,57.46086,0.691,0.408,0.726,75.53418
Colombia,COL,2004,0.5497446656227112,South America,9211.279,48.648186,0.699,0.408,0.726,75.80806
Colombia,COL,2005,0.5390760898590088,South America,9524.723,42.989414,0.711,0.408,0.727,76.00494
Colombia,COL,2008,0.5530605912208557,South America,10846.737,36.884003,0.731,0.408,0.734,76.45968
Colombia,COL,2009,0.5428210496902466,South America,10894.103,35.72724,0.736,0.417,0.73,76.59641
Colombia,COL,2010,0.5461633801460266,South America,11191.687,34.524174,0.741,0.399,0.74,76.7233
Colombia,COL,2011,0.5348308682441711,South America,11788.0,35.63221,0.747,0.393,0.77,76.839005
Colombia,COL,2012,0.5263722538948059,South America,12129.81,35.9613,0.748,0.384,0.774,76.942215
Colombia,COL,2013,0.5262469053268433,South America,12633.481,33.41597,0.76,0.385,0.762,77.0316
Colombia,COL,2014,0.5254296064376831,South America,12981.565,28.654305,0.763,0.385,0.762,77.10584
Colombia,COL,2015,0.5098260045051575,South America,13237.291,27.215279,0.767,0.389,0.76,77.16363
Colombia,COL,2016,0.5056243538856506,South America,13367.445,26.143867,0.772,0.388,0.763,77.20363
Colombia,COL,2017,0.497065931558609,South America,13380.643,25.551058,0.774,0.399,0.758,77.22452
Colombia,COL,2018,0.5041036605834961,South America,13485.702,23.820759,0.775,0.381,0.757,77.28048
Colombia,COL,2019,0.5132542848587036,South America,13603.993,23.399061,0.777,0.382,0.749,77.45956
Colombia,COL,2020,0.5348644256591797,South America,12377.135,22.642704,0.764,0.397,0.737,77.63825
Colombia,COL,2021,0.5511702299118042,South America,13553.399,25.580128,0.762,0.392,0.733,77.833954
Colombia,COL,2022,0.5481858253479004,South America,14468.964,24.948807,0.782,0.383,0.75,78.04646
Costa Rica,CRI,1990,0.4521392583847046,North America,7567.0,4.4526935,0.677,0.264,0.949,48.579823
Costa Rica,CRI,1991,0.4655316472053528,North America,7552.3623,4.1221967,0.682,0.264,0.951,49.506126
Costa Rica,CRI,1992,0.456392228603363,North America,8038.7676,4.8717246,0.691,0.264,0.951,50.477787
Costa Rica,CRI,1993,0.4592636227607727,North America,8363.483,4.751393,0.696,0.264,0.951,51.487823
Costa Rica,CRI,1994,0.4670184552669525,North America,8479.568,5.273648,0.701,0.264,0.951,52.529255
Costa Rica,CRI,1995,0.4565892517566681,North America,8576.423,5.204833,0.706,0.2,0.953,53.595097
Costa Rica,CRI,1996,0.4647768139839172,North America,8446.781,5.2224183,0.707,0.2,0.953,54.678364
Costa Rica,CRI,1997,0.4557816684246063,North America,8683.948,5.6730523,0.712,0.2,0.947,55.77208
Costa Rica,CRI,1998,0.4563739895820617,North America,9053.852,5.921479,0.714,0.2,0.95,56.86926
Costa Rica,CRI,1999,0.4763061702251434,North America,9183.8955,6.3436975,0.717,0.176,0.95,57.962917
Costa Rica,CRI,2000,0.4740948379039764,North America,9319.767,6.323426,0.72,0.176,0.95,59.046238
Costa Rica,CRI,2001,0.5150595903396606,North America,9451.615,6.4106607,0.726,0.176,0.95,60.14276
Costa Rica,CRI,2002,0.5181252956390381,North America,9591.554,6.330193,0.73,0.176,0.95,61.278763
Costa Rica,CRI,2003,0.4930032193660736,North America,9831.25,7.248505,0.736,0.174,0.95,62.451805
Costa Rica,CRI,2004,0.4841752052307129,North America,10086.783,6.6665435,0.741,0.174,0.95,63.659603
Costa Rica,CRI,2005,0.4751025736331939,North America,10308.374,7.8615613,0.748,0.174,0.944,64.899864
Costa Rica,CRI,2006,0.4928048253059387,North America,10880.477,8.122481,0.755,0.188,0.935,66.1703
Costa Rica,CRI,2007,0.4931281208992004,North America,11584.677,8.424182,0.76,0.188,0.935,67.46864
Costa Rica,CRI,2008,0.4864077270030975,North America,11935.158,11.531387,0.769,0.188,0.935,68.79258
Costa Rica,CRI,2009,0.505546510219574,North America,11638.002,11.667209,0.773,0.188,0.938,70.13985
Costa Rica,CRI,2010,0.480430394411087,North America,12031.571,11.567261,0.776,0.188,0.94,71.50815
Costa Rica,CRI,2011,0.4875920116901397,North America,12366.0,10.282368,0.783,0.185,0.941,72.84266
Costa Rica,CRI,2012,0.4841729998588562,North America,12800.048,8.72654,0.789,0.188,0.941,73.3895
Costa Rica,CRI,2013,0.4915180802345276,North America,12952.746,8.714741,0.795,0.188,0.935,73.94318
Costa Rica,CRI,2014,0.4863209128379822,North America,13241.992,10.006043,0.802,0.179,0.943,74.486694
Costa Rica,CRI,2015,0.4837394952774048,North America,13557.923,11.560721,0.803,0.184,0.942,75.01982
Costa Rica,CRI,2016,0.4870411157608032,North America,13959.342,11.875905,0.805,0.188,0.943,75.54231
Costa Rica,CRI,2017,0.4834520220756531,North America,14372.68,12.273118,0.809,0.204,0.938,76.053925
Costa Rica,CRI,2018,0.4796996116638183,North America,14583.144,11.799545,0.813,0.198,0.94,76.55443
Costa Rica,CRI,2019,0.4818985164165497,North America,14775.292,11.261005,0.821,0.193,0.942,77.04359
Costa Rica,CRI,2020,0.4924504458904266,North America,13996.39,11.322284,0.819,0.193,0.942,77.52116
Costa Rica,CRI,2021,0.4867802858352661,North America,14931.956,11.620582,0.817,0.193,0.942,77.98689
Costa Rica,CRI,2022,0.4715129733085632,North America,15496.82,12.908902,0.823,0.193,0.942,78.44057
Croatia,HRV,2009,0.3255360126495361,Europe,19501.588,1.136751,0.826,0.368,0.757,55.309666
Croatia,HRV,2010,0.323729932308197,Europe,19511.35,1.4414765,0.831,0.291,0.829,55.282497
Croatia,HRV,2011,0.3225421607494354,Europe,19813.0,1.1446395,0.836,0.273,0.845,55.277378
Croatia,HRV,2012,0.3247163891792297,Europe,19413.893,1.1973977,0.839,0.273,0.845,55.304287
Croatia,HRV,2013,0.3199221491813659,Europe,19402.938,1.0842925,0.846,0.302,0.822,55.365948
Croatia,HRV,2014,0.3210290968418121,Europe,19403.594,0.8531859,0.848,0.302,0.819,55.459183
Croatia,HRV,2015,0.3111312985420227,Europe,20025.754,0.8843786,0.852,0.302,0.816,55.58126
Croatia,HRV,2016,0.3089787364006042,Europe,20915.227,1.0637157,0.856,0.325,0.793,55.72944
Croatia,HRV,2017,0.3035227358341217,Europe,21852.021,1.1276721,0.862,0.342,0.783,55.90099
Croatia,HRV,2018,0.2972862422466278,Europe,22678.035,0.59629285,0.867,0.357,0.781,56.09317
Croatia,HRV,2019,0.2890828251838684,Europe,23590.277,0.82782817,0.872,0.293,0.789,56.30325
Croatia,HRV,2020,0.2954330444335937,Europe,21672.479,1.0116445,0.867,0.293,0.822,56.52849
Croatia,HRV,2021,0.2889594733715057,Europe,25059.947,0.8408479,0.876,0.285,0.831,56.76835
Croatia,HRV,2022,0.3001732230186462,Europe,26986.752,0.7934422,0.886,0.247,0.861,56.997757
Cyprus,CYP,2004,0.3008905351161957,Europe,25355.24,1.5719014,0.84,0.138,0.899,68.59081
Cyprus,CYP,2005,0.3025941252708435,Europe,26164.209,1.9302197,0.844,0.138,0.903,68.43407
Cyprus,CYP,2006,0.3112596273422241,Europe,27142.018,1.4225857,0.85,0.14,0.903,68.25342
Cyprus,CYP,2007,0.3111327290534973,Europe,28109.996,1.21188,0.855,0.139,0.907,68.06042
Cyprus,CYP,2008,0.3170860707759857,Europe,28736.975,0.82491124,0.862,0.135,0.907,67.86662
Cyprus,CYP,2009,0.3210826218128204,Europe,27735.033,1.7126822,0.867,0.137,0.909,67.68361
Cyprus,CYP,2010,0.3145778775215149,Europe,27630.104,0.70933527,0.869,0.137,0.908,67.52291
Cyprus,CYP,2011,0.3262549936771393,Europe,27272.0,0.78500295,0.872,0.132,0.91,67.39799
Cyprus,CYP,2012,0.3431243300437927,Europe,25933.494,1.8877687,0.872,0.132,0.91,67.301025
Cyprus,CYP,2013,0.3704183399677276,Europe,24281.812,1.0136034,0.873,0.137,0.901,67.210236
Cyprus,CYP,2014,0.3556528389453888,Europe,24114.586,0.91529334,0.875,0.142,0.899,67.123055
Cyprus,CYP,2015,0.3396637737751007,Europe,25081.504,1.2300107,0.882,0.142,0.899,67.040245
Cyprus,CYP,2016,0.3289168179035187,Europe,26607.555,1.0508341,0.888,0.14,0.9,66.96256
Cyprus,CYP,2017,0.3141623437404632,Europe,27872.812,0.5580911,0.897,0.147,0.902,66.89075
Cyprus,CYP,2018,0.3273975253105163,Europe,29089.975,1.180417,0.902,0.147,0.9,66.825554
Cyprus,CYP,2019,0.3122324049472809,Europe,30284.795,1.1657988,0.907,0.154,0.886,66.76774
Cyprus,CYP,2020,0.3172794282436371,Europe,28634.457,1.1518548,0.905,0.199,0.877,66.71805
Cyprus,CYP,2021,0.3125177025794983,Europe,30252.326,1.2145978,0.907,0.199,0.861,66.67184
Cyprus,CYP,2022,0.3153407573699951,Europe,31523.498,0.6008848,0.908,0.199,0.867,66.66948
Czechia,CZE,1996,0.2579900920391083,Europe,15386.32,1.6802433,0.793,0.262,0.84,74.55665
Czechia,CZE,2002,0.2655509412288666,Europe,18431.027,1.3574924,0.835,0.258,0.853,73.836006
Czechia,CZE,2004,0.2753317952156067,Europe,20555.035,1.3058584,0.848,0.258,0.853,73.699165
Czechia,CZE,2005,0.2694601714611053,Europe,22128.58,1.0505681,0.856,0.258,0.857,73.63756
Czechia,CZE,2006,0.2674411833286285,Europe,23888.164,1.2615739,0.864,0.258,0.861,73.57888
Czechia,CZE,2007,0.2599864900112152,Europe,25382.807,1.2188582,0.87,0.258,0.861,73.52195
Czechia,CZE,2008,0.2628021240234375,Europe,26186.045,1.0984466,0.873,0.258,0.86,73.46555
Czechia,CZE,2009,0.2615667581558227,Europe,25093.863,0.9020261,0.875,0.268,0.868,73.408485
Czechia,CZE,2010,0.2662351429462433,Europe,25922.395,0.98432386,0.88,0.246,0.866,73.34956
Czechia,CZE,2011,0.2638127505779266,Europe,26725.0,0.8193979,0.883,0.248,0.867,73.287834
Czechia,CZE,2012,0.2610993981361389,Europe,26483.38,0.9993019,0.885,0.234,0.872,73.22492
Czechia,CZE,2013,0.2647390365600586,Europe,26467.629,0.8562326,0.892,0.238,0.874,73.16222
Czechia,CZE,2014,0.259232223033905,Europe,27030.19,0.7701651,0.898,0.228,0.886,73.099594
Czechia,CZE,2015,0.2586742639541626,Europe,28437.604,0.8361509,0.9,0.222,0.888,73.03704
Czechia,CZE,2016,0.2540633380413055,Europe,29097.504,0.6171698,0.902,0.222,0.884,72.97458
Czechia,CZE,2017,0.2485221028327942,Europe,30531.383,0.62610626,0.904,0.21,0.853,72.912186
Czechia,CZE,2019,0.252621978521347,Europe,32226.553,0.86216086,0.903,0.225,0.845,72.78764
Czechia,CZE,2020,0.2624513208866119,Europe,30365.37,0.72984886,0.898,0.217,0.837,72.72549
Czechia,CZE,2021,0.2620210349559784,Europe,31452.557,0.44631484,0.901,0.164,0.844,72.68106
Czechia,CZE,2022,0.2587038874626159,Europe,32247.395,0.81512475,0.911,0.158,0.892,72.69676
Denmark,DNK,1992,0.2469104528427124,Europe,30573.574,1.1989093,0.85,0.002,0.998,84.88295
Denmark,DNK,1995,0.2295589596033096,Europe,33356.14,1.1273828,0.862,0.002,0.998,85.00122
Denmark,DNK,2000,0.2376631945371627,Europe,39021.176,1.0862118,0.896,0.002,0.998,85.1
Denmark,DNK,2010,0.2719855904579162,Europe,42932.4,0.7570483,0.92,0.002,0.998,86.86524
Denmark,DNK,2011,0.2731174528598785,Europe,43575.0,0.8257269,0.934,0.002,0.998,87.15677
Denmark,DNK,2012,0.2779074907302856,Europe,43509.613,0.840499,0.938,0.002,0.998,87.23362
Denmark,DNK,2013,0.2854254841804504,Europe,43743.61,0.8548024,0.941,0.002,0.998,87.543655
Denmark,DNK,2014,0.2835288047790527,Europe,44215.633,1.3111748,0.939,0.002,0.998,87.682396
Denmark,DNK,2015,0.2817724347114563,Europe,44940.887,1.0908386,0.943,0.002,0.998,87.7254
Denmark,DNK,2016,0.281874418258667,Europe,46018.984,0.97761935,0.951,0.002,0.998,87.7
Denmark,DNK,2017,0.2874666154384613,Europe,47022.01,1.2315339,0.951,0.002,0.998,88.0162
Denmark,DNK,2018,0.2816572785377502,Europe,47717.457,1.0010659,0.95,0.002,0.998,88.10598
Denmark,DNK,2019,0.2772331535816192,Europe,48238.656,0.85990167,0.953,0.002,0.998,88.20965
Denmark,DNK,2020,0.2750393748283386,Europe,47171.086,0.8231116,0.954,0.002,0.997,88.23945
Denmark,DNK,2021,0.2832349240779876,Europe,49258.75,0.6317468,0.958,0.002,0.996,88.26164
Denmark,DNK,2022,0.2925940155982971,Europe,50689.68,0.9825673,0.959,0.002,0.998,88.38802
Dominican Republic,DOM,1992,0.5105342268943787,North America,4185.406,10.835889,0.604,0.822,0.229,55.61532
Dominican Republic,DOM,1996,0.4742047786712646,North America,5198.5664,12.847177,0.631,0.784,0.288,57.82875
Dominican Republic,DOM,1997,0.4890393018722534,North America,5616.89,12.698679,0.639,0.756,0.392,58.60737
Dominican Republic,DOM,2000,0.5151459574699402,North America,6788.084,14.09568,0.658,0.756,0.387,61.312855
Dominican Republic,DOM,2001,0.4999899864196777,North America,6917.0303,12.5569315,0.663,0.756,0.387,62.297947
Dominican Republic,DOM,2002,0.4967226088047027,North America,7327.3657,14.448329,0.668,0.756,0.38,63.2914
Dominican Republic,DOM,2003,0.5212064981460571,North America,7324.6973,21.178938,0.67,0.756,0.357,64.4262
Dominican Republic,DOM,2004,0.5205090045928955,North America,7441.4478,24.591175,0.673,0.756,0.362,65.89141
Dominican Republic,DOM,2005,0.4996522665023803,North America,8156.431,25.951124,0.683,0.756,0.362,67.57592
Dominican Republic,DOM,2006,0.5196129679679871,North America,9059.885,22.952126,0.691,0.756,0.362,69.333855
Dominican Republic,DOM,2007,0.4885563850402832,North America,9866.458,22.325258,0.698,0.756,0.362,71.01934
Dominican Republic,DOM,2008,0.4810760617256164,North America,10225.529,25.007496,0.704,0.756,0.362,72.48652
Dominican Republic,DOM,2009,0.4887566566467285,North America,10365.675,24.496494,0.707,0.756,0.362,73.5895
Dominican Republic,DOM,2010,0.4732594490051269,North America,11276.461,25.193033,0.715,0.756,0.359,74.164276
Dominican Republic,DOM,2011,0.4770690500736236,North America,11679.0,25.2674,0.721,0.756,0.362,74.24404
Dominican Republic,DOM,2012,0.4613354206085205,North America,11854.366,22.521425,0.727,0.756,0.369,74.23987
Dominican Republic,DOM,2013,0.4765639305114746,North America,12290.143,19.403889,0.731,0.739,0.377,74.225136
Dominican Republic,DOM,2014,0.4427946805953979,North America,13011.521,17.546364,0.737,0.739,0.373,74.19315
Dominican Republic,DOM,2016,0.4572271406650543,North America,14530.1,15.31546,0.766,0.728,0.375,74.050674
Dominican Republic,DOM,2017,0.4219327867031097,North America,15053.832,11.399812,0.77,0.736,0.364,73.9268
Dominican Republic,DOM,2018,0.4368615746498108,North America,15944.744,9.905349,0.773,0.749,0.342,73.75893
Dominican Republic,DOM,2019,0.4191723763942718,North America,16587.236,9.417991,0.771,0.758,0.325,73.540344
Dominican Republic,DOM,2020,0.3962867259979248,North America,15325.654,8.729776,0.767,0.598,0.588,73.26438
Dominican Republic,DOM,2021,0.3852935433387756,North America,17046.646,10.536275,0.762,0.584,0.597,72.92433
Dominican Republic,DOM,2022,0.3697940111160278,North America,17713.52,12.367847,0.778,0.58,0.587,72.42032
Ecuador,ECU,1994,0.5333368182182312,South America,6940.0903,10.015655,0.667,0.646,0.422,57.61571
Ecuador,ECU,1999,0.5857383012771606,South America,6884.7925,13.487513,0.682,0.714,0.388,60.29139
Ecuador,ECU,2000,0.5630455017089844,South America,6908.243,14.445349,0.683,0.703,0.378,60.6865
Ecuador,ECU,2007,0.5335530638694763,South America,8633.584,15.863187,0.722,0.68,0.407,62.388756
Ecuador,ECU,2008,0.4978812932968139,South America,9103.872,17.886543,0.729,0.66,0.387,62.53955
Ecuador,ECU,2009,0.4849892854690552,South America,9081.37,17.705437,0.731,0.66,0.399,62.658802
Ecuador,ECU,2010,0.4880008399486542,South America,9327.213,17.404345,0.737,0.67,0.38,62.740524
Ecuador,ECU,2011,0.4587163627147674,South America,9985.0,15.28752,0.743,0.674,0.379,62.794907
Ecuador,ECU,2012,0.4610954225063324,South America,10398.948,12.342512,0.75,0.675,0.374,62.840874
Ecuador,ECU,2013,0.4686249792575836,South America,10761.351,10.912799,0.755,0.703,0.354,62.883728
Ecuador,ECU,2014,0.4499267935752868,South America,11016.161,8.169565,0.76,0.704,0.346,62.923244
Ecuador,ECU,2015,0.4595100879669189,South America,10878.766,6.4550934,0.764,0.709,0.346,62.95919
Ecuador,ECU,2016,0.4501645565032959,South America,10603.806,5.810312,0.761,0.707,0.331,62.991337
Ecuador,ECU,2017,0.446701169013977,South America,10715.15,5.7877555,0.764,0.627,0.432,63.01946
Ecuador,ECU,2018,0.4543803036212921,South America,10716.904,5.830067,0.767,0.638,0.5,63.043327
Ecuador,ECU,2019,0.4571003913879394,South America,10586.937,6.8454356,0.765,0.629,0.516,63.062714
Ecuador,ECU,2020,0.4730967283248901,South America,9646.065,7.8194175,0.74,0.636,0.539,63.07739
Ecuador,ECU,2021,0.457976222038269,South America,9937.696,14.115687,0.753,0.627,0.53,63.087128
Ecuador,ECU,2022,0.4546512067317962,South America,10124.076,27.412636,0.773,0.628,0.526,63.090183
Egypt,EGY,1990,0.3200393915176391,Africa,4022.0,0.4606431,0.572,0.82,0.362,43.568882
Egypt,EGY,2004,0.3184754550457001,Africa,7661.86,0.4051464,0.645,0.831,0.325,42.92556
Egypt,EGY,2008,0.3110243678092956,Africa,9698.017,1.1261892,0.665,0.831,0.325,42.9609
Egypt,EGY,2010,0.3019145727157593,Africa,10719.291,2.06175,0.677,0.831,0.324,42.905716
Egypt,EGY,2012,0.2829220294952392,Africa,10774.53,2.3690171,0.689,0.714,0.358,42.81185
Egypt,EGY,2015,0.3182335793972015,Africa,11312.848,1.7179173,0.706,0.731,0.373,42.605633
Egypt,EGY,2017,0.3153395354747772,Africa,11545.594,1.3115252,0.72,0.74,0.346,42.4486
El Salvador,SLV,1995,0.4984672665596008,North America,4592.2837,138.43839,0.567,0.719,0.358,52.396133
El Salvador,SLV,1996,0.5095692276954651,North America,4671.339,116.99682,0.576,0.719,0.358,53.176693
El Salvador,SLV,1998,0.5437270998954773,North America,5077.892,94.95338,0.594,0.719,0.351,54.82697
El Salvador,SLV,1999,0.5207594633102417,North America,5263.8867,65.01631,0.598,0.719,0.351,55.687008
El Salvador,SLV,2000,0.5146319270133972,North America,5403.715,59.747288,0.607,0.719,0.389,56.563858
El Salvador,SLV,2001,0.5134626030921936,North America,5550.187,60.15355,0.612,0.719,0.389,57.452675
El Salvador,SLV,2002,0.5185059905052185,North America,5751.0605,47.35552,0.621,0.719,0.391,58.348625
El Salvador,SLV,2003,0.5043299198150635,North America,5957.201,55.9464,0.628,0.719,0.388,59.246857
El Salvador,SLV,2004,0.4779801666736603,North America,6145.98,64.899475,0.636,0.753,0.362,60.142536
El Salvador,SLV,2005,0.4847163259983063,North America,6441.4956,64.639915,0.642,0.745,0.356,61.030823
El Salvador,SLV,2006,0.4568923115730285,North America,6782.2314,65.424706,0.647,0.745,0.361,61.906868
El Salvador,SLV,2007,0.4521746933460235,North America,7139.182,58.188057,0.653,0.745,0.361,62.76769
El Salvador,SLV,2008,0.4688558876514435,North America,7312.656,52.725887,0.653,0.74,0.375,63.63725
El Salvador,SLV,2009,0.4582484066486358,North America,7166.159,72.45036,0.653,0.719,0.396,64.52991
El Salvador,SLV,2010,0.4351325929164886,North America,7351.1147,65.70264,0.66,0.693,0.407,65.43279
El Salvador,SLV,2011,0.4231797754764557,North America,7607.0,71.771904,0.662,0.693,0.407,66.33441
El Salvador,SLV,2012,0.4182883203029632,North America,7726.0,42.42739,0.666,0.693,0.418,67.22327
El Salvador,SLV,2013,0.4335865080356598,North America,7845.0,40.93608,0.668,0.623,0.469,68.08785
El Salvador,SLV,2014,0.4155943989753723,North America,7935.0,63.622078,0.668,0.608,0.48,68.916664
El Salvador,SLV,2015,0.4055181443691253,North America,8109.0,107.63823,0.667,0.605,0.485,69.69821
El Salvador,SLV,2016,0.399785429239273,North America,8289.273,85.0858,0.666,0.611,0.475,70.39902
El Salvador,SLV,2017,0.3800715208053589,North America,8454.2,63.76404,0.665,0.629,0.446,71.08567
El Salvador,SLV,2018,0.3861057162284851,North America,8644.79,53.795876,0.67,0.685,0.387,71.75772
El Salvador,SLV,2019,0.3877876400947571,North America,8849.834,38.538696,0.67,0.596,0.399,72.414894
El Salvador,SLV,2021,0.3901063203811645,North America,9017.392,17.343956,0.663,0.713,0.151,73.68385
El Salvador,SLV,2022,0.3875299990177154,North America,9218.905,7.897688,0.674,0.748,0.129,74.1465
Estonia,EST,1993,0.3942733407020569,Europe,12207.185,18.745737,0.713,0.173,0.93,70.036606
Estonia,EST,2007,0.3117837905883789,Europe,26177.871,7.1604147,0.859,0.041,0.976,67.60979
Estonia,EST,2008,0.3191497027873993,Europe,24429.021,6.4319553,0.864,0.033,0.98,67.6697
Estonia,EST,2009,0.3144266605377197,Europe,20538.049,5.2452984,0.863,0.033,0.981,67.73489
Estonia,EST,2010,0.3199983835220337,Europe,20713.426,5.257432,0.868,0.028,0.983,67.8048
Estonia,EST,2011,0.3248837888240814,Europe,21997.0,4.8969474,0.877,0.028,0.983,67.877556
Estonia,EST,2012,0.329134851694107,Europe,22784.3,4.763287,0.88,0.028,0.983,67.96296
Estonia,EST,2013,0.3507548868656158,Europe,23204.111,3.9456127,0.887,0.027,0.986,68.09235
Estonia,EST,2014,0.3458777964115143,Europe,23982.828,3.1191707,0.885,0.027,0.986,68.26684
Estonia,EST,2015,0.3266787528991699,Europe,24473.66,3.423157,0.888,0.027,0.986,68.47966
Estonia,EST,2016,0.3119467198848724,Europe,25196.154,2.5078866,0.89,0.027,0.986,68.72404
Estonia,EST,2017,0.303542822599411,Europe,26661.627,2.2012646,0.894,0.027,0.986,68.993195
Estonia,EST,2018,0.3032009899616241,Europe,27596.41,2.1180599,0.897,0.03,0.986,69.28035
Estonia,EST,2019,0.3076534569263458,Europe,28505.604,1.9595703,0.901,0.031,0.982,69.57874
Estonia,EST,2020,0.3073707222938537,Europe,28261.582,3.1586797,0.901,0.031,0.98,69.88158
Estonia,EST,2021,0.3183395862579345,Europe,30499.156,1.9523191,0.899,0.031,0.984,70.17773
Estonia,EST,2022,0.3225240409374237,Europe,30067.395,1.481381,0.902,0.031,0.985,70.489235
Eswatini,SWZ,1994,0.5871372818946838,Africa,4134.208,15.65054,0.543,0.425,0.335,23.040878
Eswatini,SWZ,2000,0.5311352014541626,Africa,4894.5205,12.290987,0.493,0.449,0.324,22.840933
Eswatini,SWZ,2009,0.5144217014312744,Africa,7011.095,16.920727,0.519,0.475,0.29,22.234386
Eswatini,SWZ,2016,0.5457979440689087,Africa,7993.1494,10.091278,0.619,0.493,0.295,23.527887
Finland,FIN,1991,0.2287976145744323,Europe,25174.898,3.0714736,0.827,0.015,0.991,63.970184
Finland,FIN,1995,0.2345913648605346,Europe,25761.625,2.858305,0.856,0.015,0.991,64.80594
Finland,FIN,2000,0.2715662717819214,Europe,32689.77,2.8592396,0.898,0.015,0.991,67.12277
Finland,FIN,2003,0.2768642902374267,Europe,34607.22,1.9758468,0.915,0.015,0.991,68.04256
Finland,FIN,2004,0.2789765298366546,Europe,35888.613,2.8308303,0.911,0.015,0.991,68.27666
Finland,FIN,2005,0.2761949300765991,Europe,36787.258,2.2683594,0.914,0.015,0.991,68.51405
Finland,FIN,2006,0.2799872457981109,Europe,38160.703,2.2596738,0.917,0.015,0.991,68.75883
Finland,FIN,2007,0.2828556299209595,Europe,39998.523,2.4391582,0.92,0.015,0.991,69.020035
Finland,FIN,2008,0.27838134765625,Europe,40129.652,2.5031161,0.921,0.015,0.991,69.294365
Finland,FIN,2009,0.2745527625083923,Europe,36662.613,2.2476723,0.916,0.015,0.991,69.54626
Finland,FIN,2010,0.2771396338939667,Europe,37615.113,2.2001173,0.92,0.015,0.991,69.78558
Finland,FIN,2011,0.2764264941215515,Europe,38432.0,2.0414824,0.924,0.015,0.991,70.05833
Finland,FIN,2012,0.2709637880325317,Europe,37715.01,1.6438949,0.924,0.015,0.991,70.366135
Finland,FIN,2013,0.271936684846878,Europe,37203.145,1.6363143,0.934,0.011,0.992,70.67421
Finland,FIN,2014,0.2677680552005768,Europe,36907.92,1.6112247,0.936,0.011,0.992,70.987915
Finland,FIN,2015,0.2710181176662445,Europe,36986.7,1.4964275,0.938,0.012,0.992,71.3055
Finland,FIN,2016,0.2707842290401459,Europe,37924.152,1.3465638,0.94,0.012,0.992,71.61584
Finland,FIN,2017,0.2738283276557922,Europe,39043.19,1.216325,0.942,0.012,0.991,71.95631
Finland,FIN,2018,0.2732957005500793,Europe,39430.906,1.5954351,0.945,0.018,0.993,72.34235
Finland,FIN,2019,0.2773712575435638,Europe,39874.8,1.4669238,0.947,0.01,0.991,72.74312
Finland,FIN,2020,0.2709104418754577,Europe,38871.703,1.7541918,0.947,0.011,0.993,73.084946
Finland,FIN,2021,0.2770850658416748,Europe,39977.855,1.2813398,0.949,0.011,0.992,73.371025
Finland,FIN,2022,0.2792592346668243,Europe,40701.465,1.2389351,0.946,0.011,0.99,73.69676
France,FRA,1990,0.3211906254291534,Europe,28129.0,2.3776002,0.798,0.059,0.964,74.0676
France,FRA,1996,0.320165753364563,Europe,29736.645,2.005802,0.842,0.059,0.965,75.35926
France,FRA,1997,0.3190014958381653,Europe,30341.807,1.644224,0.847,0.059,0.965,75.62523
France,FRA,1998,0.3165776431560516,Europe,31323.078,1.6349428,0.851,0.059,0.965,75.89185
France,FRA,1999,0.3249977231025696,Europe,32284.611,1.6129521,0.856,0.059,0.965,76.168274
France,FRA,2000,0.3255305588245392,Europe,33409.68,1.7668701,0.852,0.059,0.965,76.5144
France,FRA,2001,0.325332909822464,Europe,33920.098,1.7477636,0.855,0.059,0.965,76.90744
France,FRA,2002,0.3177815675735473,Europe,34152.773,1.8548832,0.858,0.059,0.965,77.25439
France,FRA,2003,0.3141105473041534,Europe,34292.03,1.6249287,0.862,0.059,0.965,77.469124
France,FRA,2004,0.3064725697040558,Europe,35093.824,1.6183016,0.869,0.059,0.965,77.49005
France,FRA,2005,0.2983386814594269,Europe,35495.465,1.583772,0.877,0.059,0.969,77.43633
France,FRA,2006,0.2969108819961548,Europe,36166.16,1.4166032,0.881,0.059,0.967,77.346725
France,FRA,2007,0.3242770731449127,Europe,36845.684,1.5905193,0.884,0.059,0.967,77.2458
France,FRA,2008,0.3299644291400909,Europe,36761.793,1.6263092,0.884,0.059,0.967,77.15619
France,FRA,2009,0.3266122043132782,Europe,35534.926,1.2978069,0.883,0.059,0.967,77.10054
France,FRA,2010,0.3372041881084442,Europe,36086.727,1.2551768,0.888,0.059,0.967,77.09628
France,FRA,2011,0.3329474925994873,Europe,36691.0,1.3430868,0.892,0.059,0.967,77.11827
France,FRA,2012,0.3311485946178436,Europe,36625.926,1.223882,0.893,0.059,0.967,77.16695
France,FRA,2013,0.3251255452632904,Europe,36647.22,1.2067516,0.896,0.053,0.969,77.24407
France,FRA,2014,0.3226215839385986,Europe,36818.54,1.2242533,0.9,0.053,0.969,77.35243
France,FRA,2015,0.3270423114299774,Europe,37077.89,1.5589297,0.901,0.053,0.969,77.76109
France,FRA,2016,0.3192351758480072,Europe,37343.84,1.1968622,0.905,0.053,0.969,78.599915
France,FRA,2017,0.3163205087184906,Europe,38037.336,1.087543,0.908,0.053,0.969,78.64678
France,FRA,2018,0.3238066434860229,Europe,38555.465,1.0622785,0.911,0.058,0.962,78.67144
France,FRA,2019,0.311995655298233,Europe,39084.656,1.1456051,0.914,0.061,0.962,78.68908
France,FRA,2020,0.3066146969795227,Europe,35913.82,1.0499917,0.909,0.054,0.962,78.711914
France,FRA,2021,0.3150095641613006,Europe,38242.133,1.1107152,0.915,0.054,0.96,78.73646
France,FRA,2022,0.3123691082000732,Europe,39065.71,1.2387328,0.916,0.045,0.961,78.75919
Georgia,GEO,2000,0.4045737087726593,Asia,4891.664,5.521724,0.705,0.874,0.179,52.4936
Georgia,GEO,2001,0.3955507278442383,Asia,5125.1274,6.2475705,0.712,0.874,0.179,52.409817
Georgia,GEO,2002,0.3724569082260132,Asia,5406.953,7.0739064,0.719,0.874,0.179,52.41277
Georgia,GEO,2004,0.3616828918457031,Asia,6342.708,7.347007,0.737,0.2,0.689,52.71732
Georgia,GEO,2005,0.3737491965293884,Asia,6849.789,10.00961,0.744,0.147,0.766,53.003628
Georgia,GEO,2006,0.3686513602733612,Asia,7398.0527,8.081887,0.75,0.136,0.796,53.35939
Georgia,GEO,2007,0.3810798525810241,Asia,8300.144,8.317391,0.76,0.125,0.792,53.770607
Georgia,GEO,2008,0.3853241503238678,Asia,8461.917,6.673102,0.757,0.107,0.794,54.22327
Georgia,GEO,2009,0.382345050573349,Asia,8062.084,5.358591,0.76,0.105,0.803,54.70338
Georgia,GEO,2010,0.3945838809013366,Asia,8443.437,4.7998877,0.77,0.102,0.795,55.196934
Georgia,GEO,2016,0.3663964867591858,Asia,10945.466,1.0284655,0.809,0.108,0.798,57.698402
Georgia,GEO,2017,0.3793957531452179,Asia,11479.426,2.3992455,0.816,0.107,0.788,57.999683
Georgia,GEO,2018,0.3641136288642883,Asia,12035.715,2.345267,0.824,0.116,0.779,58.303818
Georgia,GEO,2019,0.3590069711208343,Asia,12631.664,2.028065,0.83,0.114,0.773,58.63041
Germany,DEU,1991,0.2949287295341491,Europe,26769.96,1.403431,0.841,0.011,0.994,80.01969
Germany,DEU,1992,0.290732592344284,Europe,27385.055,1.4307796,0.849,0.011,0.994,80.026054
Germany,DEU,1993,0.2861208617687225,Europe,27250.701,1.6542562,0.859,0.011,0.994,80.032555
Germany,DEU,1994,0.2915941476821899,Europe,28140.057,2.3834093,0.865,0.011,0.994,80.039345
Germany,DEU,1995,0.2881127297878265,Europe,28868.945,2.4774477,0.87,0.011,0.994,80.04656
Germany,DEU,1996,0.2799377739429474,Europe,29349.982,2.337619,0.875,0.011,0.994,80.05436
Germany,DEU,1997,0.282467246055603,Europe,30186.945,2.1847408,0.881,0.011,0.994,80.062874
Germany,DEU,1998,0.282703697681427,Europe,31129.584,1.9533741,0.887,0.011,0.993,80.07226
Germany,DEU,1999,0.2904797792434692,Europe,32087.604,1.6234424,0.892,0.011,0.993,80.08266
Germany,DEU,2000,0.28888139128685,Europe,33367.285,1.6675376,0.897,0.011,0.993,80.094215
Germany,DEU,2001,0.2994938790798187,Europe,34260.29,1.4414061,0.904,0.011,0.993,80.10708
Germany,DEU,2002,0.2981053292751312,Europe,34590.93,1.4280783,0.909,0.011,0.993,80.1214
Germany,DEU,2003,0.2980293035507202,Europe,34716.44,1.3359864,0.914,0.011,0.993,80.137314
Germany,DEU,2004,0.3019258677959442,Europe,35528.715,1.3545661,0.923,0.011,0.993,80.15497
Germany,DEU,2005,0.3170409202575683,Europe,36205.574,1.2724456,0.923,0.011,0.993,80.174515
Germany,DEU,2006,0.3104195892810821,Europe,38014.137,1.2092731,0.927,0.011,0.993,80.1961
Germany,DEU,2007,0.311770886182785,Europe,39752.207,1.0922705,0.931,0.011,0.993,80.219864
Germany,DEU,2008,0.3080026507377624,Europe,40715.434,1.0245248,0.933,0.011,0.993,80.24596
Germany,DEU,2009,0.3047942817211151,Europe,38962.938,0.9921507,0.933,0.011,0.993,80.27452
Germany,DEU,2010,0.302184134721756,Europe,41109.582,0.98106015,0.936,0.011,0.993,80.3057
Germany,DEU,2011,0.3061050474643707,Europe,43189.0,0.9127126,0.942,0.011,0.993,80.340576
Germany,DEU,2012,0.3105579018592834,Europe,43288.32,0.8144209,0.944,0.011,0.993,80.39345
Germany,DEU,2013,0.3145359754562378,Europe,43359.137,0.8415433,0.945,0.011,0.994,80.47323
Germany,DEU,2014,0.3084779381752014,Europe,44132.758,0.8798654,0.949,0.011,0.994,80.57574
Germany,DEU,2015,0.3165391385555267,Europe,44405.168,0.8309215,0.948,0.011,0.994,80.69743
Germany,DEU,2016,0.3141309022903442,Europe,45030.47,1.1636041,0.949,0.012,0.994,80.834785
Germany,DEU,2017,0.3131486475467682,Europe,46065.1,0.97829217,0.951,0.012,0.992,80.98425
Germany,DEU,2018,0.3187211453914642,Europe,46377.39,0.94520104,0.952,0.013,0.991,81.1423
Germany,DEU,2019,0.3178092539310455,Europe,46761.945,0.7455793,0.957,0.013,0.991,81.3054
Germany,DEU,2020,0.3243345022201538,Europe,44996.43,0.9350856,0.955,0.016,0.991,81.47001
Ghana,GHA,2005,0.427562415599823,Africa,2411.2876,1.7506006,0.515,0.625,0.601,47.452843
Ghana,GHA,2012,0.4237164258956909,Africa,3467.1042,2.0946898,0.575,0.624,0.604,51.919792
Ghana,GHA,2016,0.4350859522819519,Africa,3640.779,1.8700986,0.59,0.615,0.571,54.167053
Greece,GRC,1995,0.3696634173393249,Europe,17148.197,1.4354657,0.792,0.268,0.86,72.08318
Greece,GRC,2002,0.3552097976207733,Europe,22893.959,0.8631546,0.836,0.255,0.866,73.09771
Greece,GRC,2004,0.335880309343338,Europe,25780.385,1.0139426,0.851,0.255,0.866,73.82676
Greece,GRC,2005,0.3459669053554535,Europe,26091.523,1.2020398,0.863,0.255,0.866,74.261734
Greece,GRC,2006,0.3512181937694549,Europe,27731.111,0.9985382,0.871,0.255,0.866,74.71775
Greece,GRC,2007,0.3395082056522369,Europe,28822.916,1.1769247,0.866,0.255,0.866,75.17535
Greece,GRC,2008,0.3358771800994873,Europe,28907.926,1.300006,0.871,0.262,0.861,75.61508
Greece,GRC,2009,0.3361497223377228,Europe,27839.898,1.3683747,0.874,0.256,0.87,76.017494
Greece,GRC,2010,0.3409875929355621,Europe,26517.465,1.5820694,0.876,0.216,0.887,76.363144
Greece,GRC,2011,0.3484191596508026,Europe,24349.0,1.656338,0.874,0.209,0.893,76.63526
Greece,GRC,2012,0.3625036180019378,Europe,22746.207,1.502494,0.874,0.212,0.89,76.86798
Greece,GRC,2013,0.3612728714942932,Europe,22335.27,1.3950256,0.879,0.169,0.898,77.0952
Greece,GRC,2014,0.358045220375061,Europe,22591.598,0.9822672,0.886,0.169,0.9,77.31305
Greece,GRC,2015,0.359968364238739,Europe,22696.203,0.8594477,0.888,0.145,0.892,77.51944
Greece,GRC,2016,0.3495604395866394,Europe,22679.81,0.7795459,0.884,0.145,0.894,77.712296
Greece,GRC,2017,0.3435030877590179,Europe,22972.889,0.79973716,0.887,0.148,0.892,77.889534
Greece,GRC,2018,0.3289003670215606,Europe,23403.611,0.9225743,0.893,0.166,0.895,78.049065
Greece,GRC,2019,0.3310182988643646,Europe,23869.793,0.72770864,0.896,0.173,0.897,78.18881
Greece,GRC,2020,0.3355811536312103,Europe,21767.22,0.72901493,0.896,0.209,0.879,78.30669
Greece,GRC,2021,0.3293948471546173,Europe,23732.201,0.84124476,0.897,0.172,0.878,78.38849
Greece,GRC,2022,0.3337360024452209,Europe,25283.906,1.1236516,0.897,0.245,0.85,78.55022
Guatemala,GTM,1998,0.4939759969711303,North America,5730.646,29.715027,0.548,0.779,0.358,39.94067
Guatemala,GTM,2000,0.5417457222938538,North America,5860.272,24.825623,0.563,0.827,0.328,43.243477
Guatemala,GTM,2006,0.5454021692276001,North America,6305.8184,44.024822,0.59,0.803,0.362,48.767635
Guatemala,GTM,2014,0.4832651913166046,North America,6978.106,33.49759,0.65,0.804,0.396,53.145847
Haiti,HTI,2012,0.6045080423355103,North America,1674.0,10.258427,0.54,0.85,0.176,47.431484
Honduras,HND,1990,0.559285581111908,North America,2960.0,9.949483,0.516,0.851,0.291,40.48774
Honduras,HND,1991,0.5181965231895447,North America,2993.124,13.735788,0.519,0.853,0.286,40.974777
Honduras,HND,1992,0.5180389881134033,North America,3094.5479,18.118538,0.523,0.853,0.291,41.45239
Honduras,HND,1993,0.5344483852386475,North America,3216.8804,23.095432,0.529,0.853,0.287,41.92382
Honduras,HND,1994,0.5499133467674255,North America,3105.972,30.155447,0.532,0.845,0.296,42.39232
Honduras,HND,1995,0.5546936988830566,North America,3163.8262,26.726427,0.537,0.845,0.296,42.861126
Honduras,HND,1999,0.5521424412727356,North America,3215.1848,40.04398,0.552,0.845,0.319,44.804325
Honduras,HND,2001,0.5535134673118591,North America,3365.233,51.612957,0.561,0.841,0.329,45.862305
Honduras,HND,2002,0.5570878982543945,North America,3431.2512,52.2132,0.564,0.844,0.328,46.41942
Honduras,HND,2003,0.580780565738678,North America,3527.1218,57.21138,0.568,0.844,0.328,46.990185
Honduras,HND,2004,0.5809237360954285,North America,3686.6667,49.856182,0.573,0.844,0.328,47.57398
Honduras,HND,2005,0.5947672724723816,North America,3851.0554,42.950626,0.578,0.844,0.328,48.170387
Honduras,HND,2006,0.5752498507499695,North America,4045.2976,40.7218,0.582,0.844,0.334,48.779007
Honduras,HND,2007,0.5581572651863098,North America,4237.302,45.79569,0.587,0.846,0.342,49.399426
Honduras,HND,2008,0.5548926591873169,North America,4358.763,55.60002,0.592,0.846,0.342,50.03123
Honduras,HND,2009,0.5128166675567627,North America,4200.1606,64.469666,0.594,0.846,0.291,50.67402
Honduras,HND,2010,0.5308563709259033,North America,4305.892,74.54089,0.596,0.847,0.287,51.327374
Honduras,HND,2011,0.5255374312400818,North America,4421.0,83.17934,0.598,0.854,0.293,51.99089
Honduras,HND,2012,0.533649206161499,North America,4518.0,82.294174,0.597,0.854,0.273,52.664154
Honduras,HND,2013,0.4995847642421722,North America,4561.0,72.34559,0.601,0.856,0.302,53.35638
Honduras,HND,2014,0.4987486898899078,North America,4620.0,64.99967,0.604,0.856,0.318,53.87681
Honduras,HND,2015,0.4924869835376739,North America,4706.0,55.73054,0.61,0.856,0.264,54.382847
Honduras,HND,2016,0.4979712963104248,North America,4803.2803,54.71517,0.616,0.856,0.291,54.88684
Honduras,HND,2017,0.4944456815719604,North America,4949.0254,40.2998,0.618,0.84,0.279,55.387733
Honduras,HND,2018,0.489278495311737,North America,5052.2056,37.981773,0.619,0.845,0.298,55.885258
Honduras,HND,2019,0.4816896915435791,North America,5099.8145,41.011166,0.632,0.842,0.29,56.379158
Hungary,HUN,1991,0.2962293028831482,Europe,9255.909,2.9581306,0.724,0.253,0.899,61.32329
Hungary,HUN,1993,0.2793830335140228,Europe,9294.464,2.8773172,0.729,0.253,0.893,61.97302
Hungary,HUN,1994,0.3328559696674347,Europe,9772.224,3.0270977,0.739,0.245,0.898,62.299374
Hungary,HUN,1999,0.3021984398365021,Europe,12316.724,2.4755876,0.771,0.273,0.886,63.934544
Hungary,HUN,2004,0.298643559217453,Europe,16999.006,2.0722222,0.811,0.274,0.886,65.02254
Hungary,HUN,2005,0.3472095131874084,Europe,18140.617,1.6292945,0.816,0.274,0.879,66.12614
Hungary,HUN,2006,0.2829602062702179,Europe,19253.062,1.731353,0.823,0.274,0.861,67.01559
Hungary,HUN,2007,0.278818279504776,Europe,19763.791,1.5347693,0.826,0.285,0.874,67.004166
Hungary,HUN,2008,0.2751402556896209,Europe,20380.63,1.8069901,0.833,0.285,0.874,68.0977
Hungary,HUN,2009,0.2695926129817962,Europe,19461.07,1.3898085,0.834,0.275,0.88,68.45926
Hungary,HUN,2010,0.2944412231445312,Europe,20036.334,1.3828863,0.838,0.35,0.795,69.53055
Hungary,HUN,2011,0.2915791273117065,Europe,20886.0,1.4577733,0.841,0.385,0.767,69.478
Hungary,HUN,2012,0.3080250918865204,Europe,20731.67,1.2504257,0.841,0.409,0.737,69.57723
Hungary,HUN,2013,0.315041035413742,Europe,21163.564,1.5572313,0.85,0.434,0.699,69.927765
Hungary,HUN,2014,0.3091303706169128,Europe,22118.75,1.4803035,0.848,0.442,0.692,70.307106
Hungary,HUN,2015,0.3040709197521209,Europe,22993.375,2.246115,0.847,0.451,0.692,70.48477
Hungary,HUN,2016,0.3032402098178863,Europe,23568.926,2.0590117,0.851,0.453,0.7,70.47338
Hungary,HUN,2017,0.3058254420757293,Europe,24641.197,1.6350548,0.853,0.465,0.694,70.454254
Iceland,ISL,2005,0.29002445936203,Europe,37884.06,1.0106642,0.935,0.013,0.979,92.37744
Iceland,ISL,2006,0.3024500906467438,Europe,38707.215,0.0,0.936,0.013,0.979,92.1949
Iceland,ISL,2007,0.2947088778018951,Europe,41111.156,0.6417445,0.941,0.013,0.979,92.36146
Iceland,ISL,2008,0.3178927898406982,Europe,40810.23,0.0,0.935,0.013,0.979,93.064644
Iceland,ISL,2009,0.286562442779541,Europe,37701.85,0.31386137,0.934,0.013,0.98,93.44414
Iceland,ISL,2010,0.2617129683494568,Europe,36272.688,0.6286185,0.935,0.013,0.98,93.45883
Iceland,ISL,2011,0.268302708864212,Europe,36740.0,0.94003516,0.941,0.013,0.979,93.411064
Iceland,ISL,2012,0.2676942348480224,Europe,36933.895,0.31168136,0.946,0.013,0.98,93.51489
Iceland,ISL,2013,0.2540291547775268,Europe,38245.496,0.30875108,0.95,0.012,0.982,93.61668
Iceland,ISL,2014,0.2780041694641113,Europe,38463.027,0.30533186,0.954,0.012,0.982,93.619675
Iceland,ISL,2015,0.2678797245025635,Europe,39756.527,0.9064772,0.956,0.012,0.982,93.72792
Iceland,ISL,2016,0.272411048412323,Europe,41682.867,0.2979973,0.959,0.012,0.982,93.782265
Iceland,ISL,2017,0.2613157927989959,Europe,42419.383,0.8732824,0.962,0.012,0.982,93.7719
Iceland,ISL,2018,0.2656500935554504,Europe,43321.062,0.85021,0.966,0.012,0.982,93.85267
Iceland,ISL,2019,0.2680255770683288,Europe,43136.605,0.27723908,0.969,0.012,0.983,93.97708
India,IND,1993,0.2610981166362762,Asia,2176.4277,5.199658,0.458,0.551,0.579,26.17678
India,IND,2004,0.2768206596374511,Asia,3212.511,4.09246,0.538,0.551,0.589,28.772606
India,IND,2009,0.2782588601112366,Asia,4270.708,3.739133,0.579,0.551,0.589,30.518532
India,IND,2011,0.2877688407897949,Asia,4768.0,3.77728,0.603,0.582,0.604,31.27465
India,IND,2022,0.2551499605178833,Asia,7765.593,2.8153043,0.676,0.694,0.429,34.755566
Indonesia,IDN,1998,0.3085094094276428,Asia,5203.5796,0.83783394,0.591,0.846,0.123,39.907513
Indonesia,IDN,1999,0.3078847527503967,Asia,5186.7134,0.98119915,0.595,0.758,0.514,40.995396
Indonesia,IDN,2000,0.3030627369880676,Asia,5384.3867,1.0200031,0.6,0.759,0.528,41.986153
Indonesia,IDN,2003,0.2932318747043609,Asia,5938.878,0.72651166,0.625,0.759,0.534,44.630177
Indonesia,IDN,2004,0.3041650652885437,Asia,6180.91,0.6225687,0.624,0.754,0.538,45.447674
Indonesia,IDN,2022,0.355120301246643,Asia,12801.671,0.30376875,0.726,0.736,0.447,57.49347
Iran,IRN,2009,0.420500248670578,Asia,16575.07,2.897022,0.771,0.736,0.242,69.990074
Iran,IRN,2013,0.3396950960159302,Asia,16842.896,2.5331194,0.794,0.729,0.251,72.303085
Iran,IRN,2014,0.3481402099132538,Asia,17449.938,2.3754005,0.795,0.728,0.253,72.832405
Iraq,IRQ,2012,0.2954185605049133,Asia,12521.541,8.013705,0.664,0.842,0.211,69.22222
Ireland,IRL,1994,0.3691420555114746,Europe,22004.814,0.6963485,0.805,0.08,0.955,57.698986
Ireland,IRL,1995,0.3704509139060974,Europe,24266.143,1.1909058,0.809,0.08,0.955,57.939194
Ireland,IRL,1996,0.3562213480472564,Europe,26562.908,1.1543189,0.816,0.063,0.962,58.174316
Ireland,IRL,2000,0.3300520479679107,Europe,38806.5,0.9730223,0.869,0.051,0.968,59.1248
Ireland,IRL,2002,0.3229025602340698,Europe,43012.816,1.3236797,0.883,0.051,0.968,59.636726
Ireland,IRL,2003,0.3288742005825043,Europe,44372.758,0.9266367,0.891,0.051,0.968,59.912014
Ireland,IRL,2004,0.33609539270401,Europe,47028.863,0.7378142,0.899,0.051,0.968,60.199474
Ireland,IRL,2005,0.3375394940376282,Europe,49223.383,1.2514187,0.905,0.051,0.968,60.4883
Ireland,IRL,2006,0.327275663614273,Europe,51296.195,1.4524064,0.908,0.051,0.968,60.770367
Ireland,IRL,2007,0.3194657564163208,Europe,52322.23,1.7753447,0.911,0.051,0.968,61.0602
Ireland,IRL,2008,0.3090561628341675,Europe,49583.14,1.1368704,0.907,0.05,0.969,61.35819
Ireland,IRL,2009,0.3268015384674072,Europe,47375.734,1.1690097,0.907,0.043,0.972,61.6421
Ireland,IRL,2010,0.3229482769966125,Europe,48623.81,1.1844496,0.915,0.042,0.972,61.891068
Ireland,IRL,2011,0.3287218809127807,Europe,48980.0,0.91711015,0.909,0.036,0.976,62.087273
Ireland,IRL,2012,0.332200139760971,Europe,47360.09,1.1086638,0.911,0.033,0.977,62.252934
Ireland,IRL,2013,0.334856778383255,Europe,48181.234,1.0162851,0.915,0.03,0.978,62.404716
Ireland,IRL,2014,0.3187445402145386,Europe,50732.348,1.0089651,0.921,0.03,0.978,62.5354
Ireland,IRL,2015,0.3182036876678467,Europe,53196.598,0.5741643,0.931,0.03,0.978,62.639214
Ireland,IRL,2016,0.3280714452266693,Europe,53686.844,0.6942249,0.936,0.03,0.978,62.72294
Ireland,IRL,2017,0.3135872185230255,Europe,55465.652,0.789978,0.941,0.026,0.982,62.90352
Ireland,IRL,2018,0.3060292601585388,Europe,58083.45,0.77987826,0.944,0.026,0.984,63.08445
Ireland,IRL,2019,0.3025754988193512,Europe,59733.91,0.64862794,0.947,0.032,0.982,63.2737
Ireland,IRL,2020,0.2922815084457397,Europe,55134.855,0.6221643,0.948,0.032,0.982,63.471336
Ireland,IRL,2021,0.293718546628952,Europe,57278.42,0.4375127,0.946,0.032,0.981,63.67742
Ireland,IRL,2022,0.2991203069686889,Europe,60257.082,0.8610541,0.947,0.032,0.982,63.892025
Israel,ISR,1992,0.355072557926178,Asia,21531.596,3.005706,0.794,0.117,0.944,90.60999
Israel,ISR,1997,0.3809710741043091,Asia,24226.73,2.7627866,0.824,0.117,0.944,91.01831
Israel,ISR,2001,0.3894766271114349,Asia,25427.32,3.083076,0.841,0.12,0.941,91.36502
Israel,ISR,2002,0.3955942392349243,Asia,24823.553,3.2562482,0.846,0.12,0.941,91.444496
Israel,ISR,2003,0.4072256982326507,Asia,24545.244,2.6296284,0.847,0.12,0.941,91.51769
Israel,ISR,2004,0.4145630002021789,Asia,25210.879,2.4035964,0.85,0.12,0.941,91.5829
Israel,ISR,2005,0.4226762354373932,Asia,25686.406,2.5118136,0.858,0.12,0.941,91.63843
Israel,ISR,2006,0.4155532121658325,Asia,26571.256,2.2355244,0.867,0.123,0.941,91.68258
Israel,ISR,2007,0.4109863340854645,Asia,27624.883,1.9389713,0.878,0.123,0.941,91.71364
Israel,ISR,2008,0.416426807641983,Asia,27857.62,1.6942881,0.878,0.104,0.941,91.72929
Israel,ISR,2009,0.4263395071029663,Asia,27644.697,1.9983081,0.884,0.104,0.938,91.73197
Israel,ISR,2010,0.4255946576595306,Asia,28575.531,2.044506,0.889,0.107,0.931,91.73164
Israel,ISR,2011,0.4144416451454162,Asia,29370.0,1.9676021,0.892,0.107,0.931,91.7304
Israel,ISR,2012,0.4130220413208008,Asia,29580.836,1.6824881,0.893,0.107,0.931,91.72765
Israel,ISR,2013,0.3987052738666534,Asia,30316.602,1.690458,0.899,0.107,0.93,91.722786
Israel,ISR,2014,0.3975749015808105,Asia,30906.148,1.6334947,0.902,0.107,0.93,91.715195
Israel,ISR,2015,0.3971953094005584,Asia,31050.408,1.4901448,0.902,0.107,0.928,91.70429
Israel,ISR,2016,0.3901301622390747,Asia,31822.875,1.3398286,0.905,0.11,0.926,91.68946
Israel,ISR,2017,0.3820206522941589,Asia,32549.818,1.6264447,0.908,0.11,0.921,91.670105
Israel,ISR,2018,0.3857717514038086,Asia,33227.125,1.4570979,0.911,0.115,0.919,91.64562
Israel,ISR,2019,0.382822185754776,Asia,33951.89,1.6402013,0.913,0.124,0.916,91.6154
Israel,ISR,2020,0.3777355849742889,Asia,32730.943,1.6703832,0.912,0.109,0.929,91.57884
Israel,ISR,2021,0.3789384961128235,Asia,34969.016,1.9344902,0.918,0.1,0.932,91.535355
Italy,ITA,1991,0.3104997277259826,Europe,26570.363,3.3955088,0.792,0.34,0.866,66.70073
Italy,ITA,1993,0.3508643805980682,Europe,26902.398,1.8733351,0.806,0.261,0.882,66.72684
Italy,ITA,1995,0.352108746767044,Europe,28666.352,1.7629635,0.823,0.276,0.872,66.81661
Italy,ITA,1998,0.3665250241756439,Europe,30649.629,1.553783,0.84,0.245,0.889,67.02862
Italy,ITA,2000,0.3524496257305145,Europe,32716.98,1.3374727,0.849,0.252,0.888,67.19323
Italy,ITA,2002,0.3469586074352264,Europe,33780.055,1.1215482,0.862,0.271,0.868,67.35388
Italy,ITA,2005,0.3383101522922516,Europe,34872.125,1.0423841,0.876,0.271,0.873,67.589714
Italy,ITA,2006,0.3369481265544891,Europe,35713.805,1.0637496,0.881,0.231,0.905,67.68125
Italy,ITA,2007,0.3288832306861877,Europe,36310.734,1.0675244,0.885,0.231,0.903,67.785774
Italy,ITA,2008,0.3376778662204742,Europe,35942.938,1.032543,0.885,0.273,0.863,67.907196
Italy,ITA,2009,0.3383304476737976,Europe,34055.227,0.984909,0.884,0.273,0.868,68.04942
Italy,ITA,2010,0.3471685647964477,Europe,34765.938,0.87926024,0.887,0.241,0.884,68.21638
Italy,ITA,2011,0.3505309522151947,Europe,35151.0,0.91439354,0.89,0.211,0.905,68.401505
Italy,ITA,2012,0.3515157401561737,Europe,34010.035,0.875577,0.887,0.208,0.903,68.76088
Italy,ITA,2013,0.3490581214427948,Europe,33317.242,0.82764715,0.887,0.196,0.899,69.307396
Italy,ITA,2014,0.3465250134468078,Europe,33310.703,0.7829992,0.89,0.198,0.896,69.580765
Italy,ITA,2015,0.3539020419120788,Europe,33620.742,0.77424276,0.889,0.198,0.896,69.61
Italy,ITA,2016,0.3523975908756256,Europe,34120.42,0.6680103,0.894,0.194,0.901,69.596924
Italy,ITA,2017,0.3592233657836914,Europe,34754.77,0.62261635,0.897,0.186,0.912,69.51808
Italy,ITA,2018,0.3521744310855865,Europe,35149.824,0.5955788,0.902,0.186,0.906,69.48
Italy,ITA,2019,0.3458367586135864,Europe,35407.242,0.5271899,0.906,0.186,0.906,69.505005
Italy,ITA,2020,0.3524098098278045,Europe,32385.326,0.4756916,0.899,0.164,0.903,69.51875
Italy,ITA,2021,0.3484465181827545,Europe,34827.137,0.5072883,0.908,0.134,0.905,69.48125
Italy,ITA,2022,0.3365152776241302,Europe,36224.293,0.54009527,0.905,0.134,0.905,69.48398
Jamaica,JAM,1990,0.4111373424530029,North America,6035.0,22.858324,0.662,0.169,0.849,49.449436
Jamaica,JAM,1993,0.3567342162132263,North America,6414.475,26.817251,0.664,0.169,0.849,50.105118
Jamaica,JAM,1996,0.4039490222930908,North America,6648.933,36.641464,0.664,0.169,0.849,50.800266
Jamaica,JAM,1999,0.4407847225666046,North America,6485.3228,32.975582,0.662,0.169,0.849,51.49282
Jamaica,JAM,2002,0.483156681060791,North America,6660.763,39.574768,0.672,0.169,0.859,52.14672
Jamaica,JAM,2004,0.4545747339725494,North America,7004.9844,55.04776,0.684,0.169,0.859,52.563766
Jamaica,JAM,2018,0.3533338606357574,North America,7569.063,45.707638,0.715,0.12,0.874,56.297413
Jamaica,JAM,2021,0.3987447321414947,North America,7193.1064,51.943813,0.703,0.175,0.872,57.541103
Japan,JPN,2008,0.3459921181201935,Asia,35496.227,0.5103156,0.905,0.108,0.96,89.29216
Japan,JPN,2009,0.3297948241233825,Asia,33590.01,0.39471897,0.905,0.108,0.96,90.11311
Japan,JPN,2010,0.3149226009845733,Asia,35011.402,0.36275616,0.907,0.108,0.96,90.622856
Japan,JPN,2011,0.3297563195228576,Asia,34979.0,0.34505254,0.906,0.108,0.96,90.86317
Japan,JPN,2012,0.325348824262619,Asia,35537.438,0.33534414,0.909,0.108,0.96,91.02653
Japan,JPN,2013,0.3153354525566101,Asia,36312.348,0.28968793,0.912,0.098,0.957,91.15166
Japan,JPN,2014,0.3127795457839966,Asia,36440.215,0.30983648,0.914,0.098,0.954,91.2549
Japan,JPN,2015,0.3070093095302582,Asia,37053.176,0.28520724,0.917,0.08,0.954,91.353264
Japan,JPN,2016,0.3184059262275696,Asia,37384.56,0.2846808,0.918,0.093,0.949,91.454124
Japan,JPN,2017,0.3179273605346679,Asia,38078.96,0.24082221,0.92,0.093,0.949,91.54984
Japan,JPN,2018,0.3289495408535003,Asia,38403.68,0.26317152,0.921,0.093,0.949,91.63773
Japan,JPN,2019,0.329849362373352,Asia,38332.934,0.251777,0.922,0.075,0.957,91.71642
Japan,JPN,2020,0.3233927488327026,Asia,36826.64,0.2517724,0.922,0.075,0.958,91.78099
Jordan,JOR,1992,0.4309958219528198,Asia,6456.123,3.4159522,0.638,0.464,0.612,77.20938
Jordan,JOR,1997,0.3642052710056305,Asia,6942.459,0.8322954,0.661,0.464,0.612,78.268936
Jordan,JOR,2008,0.3257344961166382,Asia,11378.256,1.7167711,0.733,0.505,0.571,80.1291
Jordan,JOR,2010,0.3365572988986969,Asia,11601.088,1.7541351,0.732,0.503,0.592,82.26011
Kazakhstan,KAZ,1993,0.3266573548316955,Asia,9173.638,14.970054,0.673,0.713,0.252,56.98406
Kazakhstan,KAZ,1996,0.3537830710411072,Asia,7826.8574,15.990471,0.669,0.815,0.181,56.623245
Kazakhstan,KAZ,2001,0.3596448600292206,Asia,10589.103,13.867889,0.707,0.815,0.185,55.781372
Kazakhstan,KAZ,2002,0.3481113016605377,Asia,11640.18,12.56333,0.72,0.839,0.182,55.504593
Kazakhstan,KAZ,2003,0.3369147777557373,Asia,12726.287,12.643373,0.732,0.839,0.172,55.21153
Kazakhstan,KAZ,2004,0.3183875977993011,Asia,13929.7295,13.192296,0.743,0.839,0.178,54.92009
Kazakhstan,KAZ,2008,0.2849644422531128,Asia,18665.766,11.000501,0.771,0.842,0.175,54.128773
Kazakhstan,KAZ,2009,0.2820886671543121,Asia,18750.541,10.655935,0.774,0.842,0.175,54.116714
Kazakhstan,KAZ,2010,0.2795451283454895,Asia,19964.53,8.237903,0.781,0.842,0.175,54.205414
Kazakhstan,KAZ,2011,0.2798384428024292,Asia,21302.0,8.320637,0.79,0.842,0.174,54.39961
Kazakhstan,KAZ,2012,0.2816882133483886,Asia,22089.924,7.315337,0.799,0.842,0.174,54.69208
Kazakhstan,KAZ,2013,0.2706542909145355,Asia,23110.025,6.379403,0.808,0.843,0.174,55.077976
Kazakhstan,KAZ,2014,0.270158588886261,Asia,23819.748,5.0740094,0.813,0.843,0.174,55.552437
Kazakhstan,KAZ,2015,0.2680366635322571,Asia,23782.562,4.7168326,0.819,0.843,0.173,56.110603
Kazakhstan,KAZ,2017,0.2745027542114258,Asia,24396.78,4.9056582,0.824,0.855,0.177,57.458645
Kazakhstan,KAZ,2020,0.2868391871452331,Asia,25124.486,3.110545,0.826,0.826,0.209,59.987118
Kazakhstan,KAZ,2021,0.2919153273105621,Asia,25936.383,2.8464916,0.816,0.84,0.205,61.030254
Kenya,KEN,2005,0.4644277095794678,Africa,2157.8416,3.027113,0.532,0.772,0.422,27.268675
Kenya,KEN,2015,0.4077487885951996,Africa,2921.3428,4.8015943,0.583,0.604,0.605,31.733803
Kenya,KEN,2020,0.36246457695961,Africa,3129.5852,3.5601206,0.6,0.616,0.631,31.20635
Kenya,KEN,2021,0.3870196342468261,Africa,3292.7585,5.2537465,0.608,0.531,0.701,31.287933
Kenya,KEN,2022,0.3774377405643463,Africa,3403.9238,4.8716683,0.626,0.545,0.692,31.430782
Latvia,LVA,1993,0.2699313163757324,Europe,8439.33,15.094664,0.692,0.371,0.85,69.90143
Latvia,LVA,1995,0.3097748458385467,Europe,8709.07,11.585113,0.695,0.348,0.852,69.192444
Latvia,LVA,1996,0.3159076273441314,Europe,8947.269,10.903592,0.714,0.338,0.871,68.849556
Latvia,LVA,2012,0.3523600995540619,Europe,19970.031,3.440423,0.843,0.117,0.954,67.83316
Latvia,LVA,2013,0.3549732267856598,Europe,20581.918,2.4838426,0.852,0.085,0.955,67.847336
Latvia,LVA,2014,0.351136177778244,Europe,21168.535,3.209389,0.854,0.082,0.956,67.86861
Latvia,LVA,2015,0.3420246839523315,Europe,22179.42,3.3874876,0.859,0.082,0.956,67.89654
Latvia,LVA,2016,0.3432884216308594,Europe,22913.023,3.5206542,0.864,0.107,0.944,67.93071
Latvia,LVA,2017,0.3557101488113403,Europe,23893.832,4.1696825,0.87,0.129,0.947,67.97069
Latvia,LVA,2018,0.3509570658206939,Europe,25039.865,4.3577776,0.875,0.129,0.951,68.01604
Latvia,LVA,2019,0.3448910713195801,Europe,25858.602,3.3955626,0.88,0.118,0.955,68.06632
Latvia,LVA,2020,0.3570395112037658,Europe,25453.064,3.6820333,0.879,0.099,0.955,68.121124
Latvia,LVA,2021,0.3425582945346832,Europe,26738.615,3.0229313,0.871,0.087,0.968,68.18088
Latvia,LVA,2022,0.3367584645748138,Europe,27220.303,3.5618157,0.881,0.087,0.968,68.25702
Lebanon,LBN,2011,0.3183245062828064,Asia,16230.0,3.29669,0.758,0.737,0.284,87.82708
Lesotho,LSO,1994,0.6301149725914001,Africa,1924.0946,43.21196,0.478,0.459,0.663,15.776059
Liberia,LBR,2007,0.3644657731056213,Africa,768.20703,2.7255015,0.455,0.824,0.425,46.610485
Lithuania,LTU,1993,0.331837922334671,Europe,8621.097,11.303744,0.705,0.192,0.931,67.4973
Lithuania,LTU,2004,0.3701108396053314,Europe,14995.767,10.157849,0.821,0.192,0.945,66.60226
Lithuania,LTU,2005,0.3529672026634216,Europe,16417.95,11.197187,0.828,0.152,0.946,66.57849
Lithuania,LTU,2006,0.3441445827484131,Europe,17916.059,8.807857,0.834,0.152,0.947,66.63815
Lithuania,LTU,2007,0.3478911221027374,Europe,20138.473,8.572205,0.839,0.147,0.95,66.7185
Lithuania,LTU,2008,0.3572700321674347,Europe,20879.803,9.316924,0.849,0.145,0.953,66.75278
Lithuania,LTU,2009,0.3721846342086792,Europe,17983.35,7.9664803,0.851,0.144,0.955,66.78166
Lithuania,LTU,2010,0.3360871374607086,Europe,18663.762,7.069717,0.854,0.144,0.958,66.771286
Lithuania,LTU,2011,0.3248642981052398,Europe,20243.0,6.96682,0.86,0.144,0.958,66.75183
Lithuania,LTU,2012,0.3509230017662048,Europe,21305.004,6.7596292,0.862,0.147,0.955,66.853676
Lithuania,LTU,2013,0.3530731797218323,Europe,22285.684,6.6928964,0.865,0.155,0.961,67.00921
Lithuania,LTU,2014,0.3767502307891845,Europe,23273.172,5.42076,0.866,0.153,0.962,67.1515
Lithuania,LTU,2015,0.3737030029296875,Europe,23968.848,5.9192696,0.869,0.147,0.964,67.22825
Lithuania,LTU,2016,0.3838584125041961,Europe,24886.84,5.332665,0.875,0.136,0.96,67.18942
Lithuania,LTU,2017,0.3728358447551727,Europe,26318.023,3.5344276,0.885,0.128,0.954,67.101295
Lithuania,LTU,2018,0.3570533096790313,Europe,27631.46,3.282809,0.889,0.155,0.951,67.14648
Lithuania,LTU,2019,0.3525134921073913,Europe,28986.053,3.3630786,0.894,0.123,0.952,67.245735
Lithuania,LTU,2020,0.3595664203166961,Europe,28971.844,3.6126075,0.888,0.116,0.955,67.42546
Lithuania,LTU,2021,0.3665640950202942,Europe,30557.03,2.5765011,0.887,0.111,0.955,68.191216
Lithuania,LTU,2022,0.3656238913536072,Europe,30863.32,2.3784847,0.888,0.101,0.952,68.286644
Luxembourg,LUX,1994,0.2814786732196808,Europe,40990.71,1.49035,0.82,0.057,0.975,81.79944
Luxembourg,LUX,1995,0.2834894955158233,Europe,40838.566,0.4899235,0.824,0.057,0.975,82.188866
Luxembourg,LUX,1996,0.2904336750507355,Europe,40687.902,0.96670544,0.832,0.057,0.975,82.61764
Luxembourg,LUX,1997,0.2959525883197784,Europe,42311.344,0.95472574,0.837,0.057,0.975,83.07035
Luxembourg,LUX,1998,0.3062281310558319,Europe,44142.56,0.9430526,0.845,0.057,0.975,83.53162
Luxembourg,LUX,1999,0.3004105687141418,Europe,47061.11,1.3956832,0.858,0.057,0.975,83.98604
Luxembourg,LUX,2000,0.301029622554779,Europe,50063.824,0.91715246,0.861,0.057,0.975,84.41821
Luxembourg,LUX,2001,0.3092632293701172,Europe,50527.664,2.0373445,0.863,0.057,0.975,84.81732
Luxembourg,LUX,2002,0.310638964176178,Europe,51709.734,1.3441206,0.868,0.057,0.975,85.20342
Luxembourg,LUX,2003,0.3018747270107269,Europe,51717.03,0.6639548,0.87,0.057,0.975,85.59063
Luxembourg,LUX,2004,0.3017269670963287,Europe,52624.164,0.43639967,0.878,0.057,0.975,85.97991
Luxembourg,LUX,2005,0.3084080815315246,Europe,53262.094,0.85954314,0.879,0.057,0.975,86.373566
Luxembourg,LUX,2006,0.3094812035560608,Europe,54920.81,1.4803348,0.88,0.057,0.975,86.773895
Luxembourg,LUX,2007,0.3113374710083008,Europe,58369.703,1.4575135,0.883,0.057,0.975,87.1832
Luxembourg,LUX,2008,0.3256154358386993,Europe,56383.19,1.6360236,0.896,0.057,0.975,87.60377
Luxembourg,LUX,2009,0.311969131231308,Europe,52731.39,1.0036402,0.905,0.057,0.975,88.03791
Luxembourg,LUX,2010,0.3050437867641449,Europe,54086.336,1.9707929,0.909,0.028,0.977,88.487915
Luxembourg,LUX,2011,0.3205409049987793,Europe,54031.0,0.7713312,0.911,0.028,0.977,88.95628
Luxembourg,LUX,2012,0.343471497297287,Europe,53675.46,0.0,0.914,0.026,0.977,89.440575
Luxembourg,LUX,2013,0.3203595876693725,Europe,53973.395,0.18404225,0.919,0.026,0.977,89.941376
Luxembourg,LUX,2014,0.3115806877613067,Europe,54100.086,0.71906364,0.924,0.026,0.977,90.45778
Luxembourg,LUX,2015,0.3292146921157837,Europe,54251.45,0.87790763,0.913,0.026,0.977,90.989365
Luxembourg,LUX,2016,0.3172789514064789,Europe,55516.098,0.8568892,0.916,0.026,0.977,91.535706
Luxembourg,LUX,2017,0.3451529145240783,Europe,55037.188,0.3352917,0.913,0.026,0.977,92.096375
Luxembourg,LUX,2018,0.3536786437034607,Europe,54625.96,0.4933391,0.915,0.026,0.977,92.670944
Luxembourg,LUX,2019,0.3424115478992462,Europe,54751.6,0.6449917,0.916,0.026,0.977,93.25899
Luxembourg,LUX,2020,0.333736389875412,Europe,53489.332,0.47573966,0.916,0.026,0.975,93.86007
Luxembourg,LUX,2021,0.3271903395652771,Europe,55346.676,0.62473255,0.918,0.026,0.975,94.586174
Luxembourg,LUX,2022,0.3409398794174194,Europe,55484.777,1.5306611,0.922,0.026,0.975,94.760544
Malawi,MWI,2004,0.3987215161323547,Africa,922.7613,3.287806,0.421,0.646,0.541,15.031604
Malawi,MWI,2010,0.4547301530838012,Africa,1091.5876,3.5072424,0.475,0.66,0.508,15.477697
Malaysia,MYS,1992,0.4765372276306152,Asia,9383.933,1.9432349,0.67,0.55,0.422,51.862858
Malaysia,MYS,1995,0.4852266311645508,Asia,11725.093,1.947803,0.691,0.557,0.41,55.92329
Malaysia,MYS,1997,0.4914964735507965,Asia,13344.57,2.52629,0.713,0.557,0.41,58.500813
Malaysia,MYS,2003,0.4641619324684143,Asia,14362.155,2.28934,0.737,0.6,0.399,65.075096
Malaysia,MYS,2006,0.4475235044956207,Asia,16353.924,2.2257628,0.742,0.594,0.452,67.9192
Malaysia,MYS,2008,0.4547971189022064,Asia,17865.64,2.1653926,0.765,0.594,0.452,69.543816
Malaysia,MYS,2011,0.4394359588623047,Asia,19390.0,1.8174312,0.782,0.597,0.445,71.424515
Malaysia,MYS,2013,0.4134882688522339,Asia,20819.164,2.0779297,0.791,0.574,0.45,72.48827
Malaysia,MYS,2015,0.4106639921665191,Asia,22550.342,1.5944778,0.8,0.574,0.441,73.43879
Malaysia,MYS,2018,0.4117677509784698,Asia,25175.799,0.9814358,0.809,0.271,0.72,74.56346
Malaysia,MYS,2021,0.4066842794418335,Asia,24764.65,0.70881855,0.802,0.418,0.613,75.508865
Malta,MLT,2006,0.2801997661590576,Europe,22233.717,0.0,0.838,0.173,0.847,93.79869
Malta,MLT,2007,0.2920773327350616,Europe,23048.264,0.9587808,0.845,0.187,0.843,93.91182
Malta,MLT,2008,0.2899550795555115,Europe,23674.594,1.4320868,0.848,0.187,0.843,94.02948
Malta,MLT,2009,0.3024443387985229,Europe,22927.654,0.95058274,0.854,0.173,0.843,94.14237
Malta,MLT,2010,0.2902576029300689,Europe,23632.625,0.94640845,0.867,0.173,0.843,94.24124
Malta,MLT,2011,0.2914210557937622,Europe,23871.0,0.70649993,0.862,0.173,0.843,94.31559
Malta,MLT,2012,0.2936043441295624,Europe,24629.777,2.8128703,0.87,0.173,0.845,94.362625
Malta,MLT,2013,0.2884366512298584,Europe,25611.121,1.6337867,0.88,0.214,0.817,94.390656
Malta,MLT,2014,0.2902034521102905,Europe,27007.89,1.3809469,0.886,0.214,0.805,94.41251
Malta,MLT,2015,0.2943377196788788,Europe,28906.48,0.89891577,0.892,0.214,0.801,94.43877
Malta,MLT,2016,0.2908901572227478,Europe,29207.27,1.0982518,0.891,0.253,0.782,94.48
Malta,MLT,2017,0.2923223674297333,Europe,31495.494,1.9234776,0.901,0.253,0.782,94.56918
Malta,MLT,2018,0.2866508662700653,Europe,32292.822,1.6509908,0.908,0.253,0.782,94.724236
Malta,MLT,2019,0.3104176521301269,Europe,33220.285,0.992033,0.91,0.261,0.777,94.933205
Malta,MLT,2020,0.3140377998352051,Europe,29703.762,1.3508128,0.903,0.186,0.817,95.184105
Malta,MLT,2021,0.3156505525112152,Europe,33031.184,0.38140535,0.914,0.186,0.827,95.514534
Malta,MLT,2022,0.3458727598190307,Europe,34496.34,1.5146008,0.917,0.186,0.827,95.60032
Mauritania,MRT,2019,0.3199674785137176,Africa,3659.103,1.0743763,0.566,0.788,0.293,56.05962
Mauritius,MUS,2012,0.3846539855003357,Africa,17021.246,2.17194,0.778,0.424,0.822,40.036953
Mauritius,MUS,2017,0.3676120638847351,Africa,20259.887,2.5568414,0.799,0.49,0.715,39.449936
Mexico,MEX,1992,0.5231072306632996,North America,10262.211,19.285301,0.672,0.769,0.333,72.24061
Mexico,MEX,1994,0.5342220664024353,North America,10721.008,17.74495,0.68,0.679,0.445,72.95656
Mexico,MEX,1996,0.5197122693061829,North America,10386.499,15.689103,0.687,0.662,0.483,73.62699
Mexico,MEX,1998,0.5328314900398254,North America,11510.877,14.2882185,0.701,0.64,0.501,74.271645
Mexico,MEX,2000,0.5341742038726807,North America,12613.396,10.886631,0.712,0.55,0.613,74.92031
Mexico,MEX,2002,0.505828857421875,North America,12645.504,9.934157,0.722,0.573,0.616,75.684074
Mexico,MEX,2004,0.5034302473068237,North America,13287.6,8.936326,0.732,0.611,0.591,76.32744
Mexico,MEX,2005,0.5093890428543091,North America,13655.801,9.376107,0.736,0.611,0.591,76.47486
Mexico,MEX,2006,0.4971226453781128,North America,14287.559,9.745122,0.745,0.609,0.592,76.498245
Mexico,MEX,2008,0.5084356069564819,North America,14808.09,12.689549,0.75,0.609,0.584,76.50904
Mexico,MEX,2010,0.4765793085098266,North America,14697.298,22.668648,0.751,0.633,0.587,76.524445
Mexico,MEX,2012,0.4959723353385925,North America,15547.994,22.228556,0.764,0.663,0.556,76.65852
Mexico,MEX,2014,0.4891233742237091,North America,15883.877,16.705032,0.769,0.758,0.473,76.97414
Mexico,MEX,2016,0.4691242277622223,North America,16705.047,20.08894,0.778,0.724,0.483,77.440506
Mexico,MEX,2018,0.4595489203929901,North America,17055.117,29.44843,0.785,0.652,0.485,78.02712
Mexico,MEX,2020,0.4459430575370788,North America,15253.691,29.001005,0.763,0.592,0.498,78.67796
Mexico,MEX,2022,0.4345400631427765,North America,16235.455,25.881496,0.783,0.546,0.441,79.199684
Moldova,MDA,2005,0.3628083765506744,Europe,4073.6736,7.421023,0.702,0.808,0.446,39.370403
Moldova,MDA,2006,0.3539981842041015,Europe,4243.0703,6.6814294,0.711,0.806,0.443,39.21824
Moldova,MDA,2007,0.3442104160785675,Europe,4342.7456,5.634321,0.718,0.806,0.452,39.431503
Moldova,MDA,2008,0.3469244241714477,Europe,4652.457,6.2442055,0.728,0.806,0.446,39.37107
Moldova,MDA,2009,0.3291090726852417,Europe,4342.528,6.6375084,0.729,0.768,0.475,39.325535
Moldova,MDA,2010,0.3205091953277588,Europe,4615.324,7.2962728,0.739,0.689,0.621,39.280495
Moldova,MDA,2011,0.3062857687473297,Europe,4892.0,6.072079,0.748,0.689,0.63,39.346916
Moldova,MDA,2012,0.2915883958339691,Europe,4914.038,6.575497,0.754,0.677,0.637,39.36142
Moldova,MDA,2013,0.2853415906429291,Europe,5414.3506,6.71803,0.758,0.723,0.58,39.42755
Moldova,MDA,2014,0.268338531255722,Europe,5744.252,4.816453,0.762,0.723,0.58,39.62985
Moldova,MDA,2015,0.270281583070755,Europe,5784.4917,5.749636,0.759,0.798,0.508,39.695404
Moldova,MDA,2016,0.263453871011734,Europe,6102.6943,6.1770453,0.763,0.794,0.459,39.737324
Moldova,MDA,2017,0.2589924335479736,Europe,6425.865,4.4152217,0.769,0.773,0.497,39.973656
Moldova,MDA,2018,0.256616473197937,Europe,6760.1113,5.263537,0.772,0.788,0.471,40.32581
Moldova,MDA,2019,0.2601664662361145,Europe,7078.23,3.8874729,0.775,0.691,0.505,40.77229
Moldova,MDA,2020,0.2504570484161377,Europe,6560.7476,3.0301738,0.77,0.555,0.618,41.336853
Moldova,MDA,2021,0.257316380739212,Europe,7557.3857,2.1826994,0.773,0.421,0.765,41.811543
Moldova,MDA,2022,0.2586444616317749,Europe,6674.871,2.4671178,0.784,0.227,0.811,42.404884
Mongolia,MNG,2007,0.3582186996936798,Asia,6196.5894,11.3115,0.696,0.647,0.594,65.25907
Mongolia,MNG,2010,0.3308121263980865,Asia,7830.064,8.846177,0.714,0.645,0.607,67.8298
Mongolia,MNG,2011,0.338835060596466,Asia,9484.0,9.689709,0.725,0.637,0.609,67.91961
Mongolia,MNG,2012,0.3375161588191986,Asia,10493.0,7.1186876,0.735,0.646,0.598,67.95228
Mongolia,MNG,2014,0.3203778862953186,Asia,12283.0,7.3119526,0.748,0.625,0.58,67.99413
Mongolia,MNG,2016,0.3234573304653168,Asia,12313.544,6.0510154,0.759,0.641,0.588,67.97768
Mongolia,MNG,2018,0.3274098932743072,Asia,13419.578,6.187443,0.767,0.683,0.592,67.86835
Mongolia,MNG,2022,0.3141647577285766,Asia,13442.906,5.965715,0.742,0.724,0.545,69.783806
Montenegro,MNE,2012,0.4120616912841797,Europe,15421.0,2.6833348,0.825,0.516,0.682,64.5244
Montenegro,MNE,2013,0.3902172744274139,Europe,16064.0,1.5792736,0.83,0.525,0.686,64.6253
Montenegro,MNE,2014,0.3876928687095642,Europe,16437.0,3.167687,0.833,0.525,0.686,64.72321
Montenegro,MNE,2015,0.390050321817398,Europe,17249.0,2.7063816,0.839,0.525,0.686,64.81817
Montenegro,MNE,2016,0.3846650123596191,Europe,17777.416,4.485393,0.836,0.525,0.686,64.91017
Montenegro,MNE,2017,0.3688092231750488,Europe,18640.195,2.418912,0.843,0.525,0.691,64.999245
Montenegro,MNE,2018,0.3680895864963531,Europe,19617.215,2.2734838,0.849,0.534,0.673,65.0854
Montenegro,MNE,2019,0.3566539585590362,Europe,20448.549,3.760219,0.851,0.539,0.688,65.16868
Montenegro,MNE,2020,0.3541229665279388,Europe,17355.623,2.9608428,0.841,0.5,0.723,65.24907
Montenegro,MNE,2021,0.3429697453975677,Europe,19656.557,2.4840586,0.84,0.487,0.735,65.32661
Morocco,MAR,1990,0.3920690417289734,Africa,4130.0,0.36511996,0.451,0.79,0.32,48.433865
Morocco,MAR,1998,0.3935391306877136,Africa,4729.183,2.012914,0.507,0.768,0.383,52.955307
Morocco,MAR,2000,0.4063694179058075,Africa,4753.638,1.621901,0.528,0.75,0.368,53.587246
Morocco,MAR,2006,0.4071830213069916,Africa,6076.9526,1.6183976,0.579,0.707,0.411,55.962757
Morocco,MAR,2013,0.3954850733280182,Africa,7599.724,1.2696977,0.639,0.694,0.432,59.908348
Mozambique,MOZ,2002,0.4694815576076507,Africa,1199.7332,5.485713,0.335,0.519,0.487,29.568632
Mozambique,MOZ,2008,0.4548299908638,Africa,1031.3622,4.5602384,0.403,0.519,0.476,30.562536
Myanmar,MMR,2015,0.3806850910186767,Asia,4984.669,2.548491,0.566,0.532,0.483,29.716682
Myanmar,MMR,2017,0.3069686889648437,Asia,5503.632,2.6823425,0.587,0.392,0.587,29.905172
Namibia,NAM,2009,0.6096469759941101,Africa,7548.129,18.677252,0.585,0.19,0.86,40.85249
Nepal,NPL,2003,0.4376810491085052,Asia,1747.7766,2.9468143,0.486,0.774,0.434,38.045307
Nepal,NPL,2010,0.3284058570861816,Asia,2152.2747,2.9734526,0.551,0.723,0.581,62.01566
Netherlands,NLD,1990,0.3108676373958587,Europe,27515.0,0.8981511,0.855,0.018,0.984,68.98739
Netherlands,NLD,1993,0.3043155074119568,Europe,28879.996,1.247586,0.863,0.018,0.984,69.758675
Netherlands,NLD,1999,0.2806339561939239,Europe,36409.08,1.273511,0.894,0.018,0.984,77.060745
Netherlands,NLD,2004,0.2980000972747803,Europe,39682.375,1.1628214,0.904,0.016,0.985,82.25095
Netherlands,NLD,2005,0.2904823124408722,Europe,40679.49,1.0567416,0.907,0.016,0.985,83.5049
Netherlands,NLD,2006,0.3004332780838012,Europe,42286.51,0.77604675,0.914,0.016,0.985,84.65323
Netherlands,NLD,2007,0.2959277927875519,Europe,44008.75,0.8650228,0.92,0.016,0.985,85.40892
Netherlands,NLD,2008,0.2929801344871521,Europe,44840.71,0.9037638,0.92,0.016,0.985,85.61496
Netherlands,NLD,2009,0.2788199782371521,Europe,43178.508,0.92303175,0.92,0.016,0.985,86.22232
Netherlands,NLD,2010,0.2784523963928222,Europe,43812.348,0.85861295,0.925,0.016,0.985,87.35028
Netherlands,NLD,2011,0.2775008678436279,Europe,44591.0,0.8486115,0.935,0.016,0.985,88.00592
Netherlands,NLD,2012,0.27620929479599,Europe,43968.254,0.8572175,0.935,0.016,0.985,88.53425
Netherlands,NLD,2013,0.2810648083686828,Europe,43782.97,0.7367215,0.937,0.023,0.98,89.174995
Netherlands,NLD,2014,0.2863141894340515,Europe,44245.56,0.7222511,0.939,0.023,0.98,89.83648
Netherlands,NLD,2015,0.2824158072471618,Europe,44912.664,0.6079229,0.94,0.019,0.982,90.27877
Netherlands,NLD,2016,0.2817356884479522,Europe,45654.47,0.5463626,0.941,0.019,0.982,90.58032
Netherlands,NLD,2017,0.2853580713272095,Europe,46706.438,0.7623285,0.945,0.019,0.984,91.12197
Netherlands,NLD,2018,0.2812103927135467,Europe,47528.902,0.57401067,0.947,0.017,0.982,92.60625
Netherlands,NLD,2019,0.2924832701683044,Europe,48142.67,0.71275806,0.95,0.017,0.986,93.8898
Netherlands,NLD,2020,0.2599421143531799,Europe,46014.484,0.6860682,0.945,0.019,0.983,94.25323
Netherlands,NLD,2021,0.2574386894702911,Europe,48001.84,0.71063733,0.951,0.019,0.981,94.62948
Nicaragua,NIC,1993,0.5712127685546875,North America,2114.692,17.109247,0.534,0.557,0.555,54.071327
Nicaragua,NIC,1998,0.5437584519386292,North America,2569.8284,13.084461,0.569,0.805,0.272,54.93489
Nicaragua,NIC,2001,0.5287476778030396,North America,2944.2446,10.554608,0.601,0.733,0.299,55.352253
Nicaragua,NIC,2005,0.4882003664970398,North America,3370.7776,13.646305,0.63,0.753,0.314,55.93755
Nicaragua,NIC,2009,0.4394162595272064,North America,3771.947,14.178125,0.646,0.845,0.121,56.6511
Nicaragua,NIC,2014,0.4615629315376282,North America,4685.0,8.654096,0.674,0.865,0.091,57.622265
Niger,NER,2011,0.3145171403884887,Africa,799.0,4.8380666,0.346,0.583,0.649,16.230307
North Macedonia,MKD,2009,0.4276077151298523,Europe,10657.878,1.6985357,0.757,0.616,0.514,58.028015
North Macedonia,MKD,2010,0.4006554782390594,Europe,11038.29,2.0960221,0.765,0.636,0.488,58.12068
North Macedonia,MKD,2011,0.3936067521572113,Europe,11321.0,1.4702672,0.771,0.658,0.448,58.24095
North Macedonia,MKD,2012,0.3813239634037018,Europe,11255.701,1.4304821,0.775,0.709,0.41,58.39242
North Macedonia,MKD,2013,0.3623913824558258,Europe,11568.169,1.0927442,0.782,0.719,0.355,58.578693
North Macedonia,MKD,2014,0.3520165979862213,Europe,11968.066,1.7518977,0.788,0.719,0.329,58.803368
North Macedonia,MKD,2015,0.3559069335460663,Europe,12412.94,1.2623929,0.795,0.719,0.322,59.070038
North Macedonia,MKD,2016,0.3453451991081238,Europe,12752.585,0.9687652,0.8,0.723,0.324,59.38231
North Macedonia,MKD,2017,0.3419890701770782,Europe,12878.021,1.5972148,0.807,0.539,0.506,59.74377
North Macedonia,MKD,2018,0.3296046853065491,Europe,13238.034,1.3022674,0.814,0.616,0.448,60.15803
North Macedonia,MKD,2019,0.3350583016872406,Europe,13751.228,1.2120311,0.805,0.642,0.446,60.628685
Norway,NOR,1991,0.2522628605365753,Europe,31127.676,1.1732621,0.863,0.006,0.994,72.15864
Norway,NOR,1995,0.2601963579654693,Europe,40043.797,0.9635254,0.887,0.006,0.994,73.91974
Norway,NOR,2000,0.2735878527164459,Europe,54039.96,1.068836,0.924,0.006,0.994,76.133896
Norway,NOR,2004,0.3157806992530823,Europe,64824.145,0.7840161,0.937,0.006,0.994,77.56846
Norway,NOR,2005,0.3059702813625335,Europe,68108.555,0.71380305,0.939,0.006,0.994,77.82601
Norway,NOR,2006,0.2635383903980255,Europe,71310.53,0.70807946,0.942,0.006,0.994,78.08772
Norway,NOR,2007,0.2709064781665802,Europe,74879.81,0.63707656,0.943,0.006,0.994,78.40725
Norway,NOR,2008,0.2699634432792663,Europe,76522.06,0.7130721,0.943,0.006,0.994,78.7541
Norway,NOR,2009,0.2615822851657867,Europe,76625.63,0.60058534,0.944,0.006,0.994,79.05708
Norway,NOR,2010,0.2572370767593384,Europe,78476.15,0.5931487,0.947,0.006,0.994,79.245
Norway,NOR,2011,0.2530016899108886,Europe,80623.0,2.2410805,0.949,0.006,0.994,79.31162
Norway,NOR,2012,0.2572599649429321,Europe,81725.22,0.53801394,0.95,0.006,0.994,79.49059
Norway,NOR,2013,0.2636111080646515,Europe,81564.3,0.9054896,0.953,0.006,0.995,79.9724
Norway,NOR,2014,0.2675256133079529,Europe,82311.33,0.5644884,0.956,0.006,0.995,80.61172
Norway,NOR,2015,0.2749675512313843,Europe,82983.99,0.46244815,0.959,0.006,0.995,81.23782
Norway,NOR,2016,0.2849334180355072,Europe,83213.016,0.5156625,0.962,0.006,0.995,81.68
Norway,NOR,2017,0.2698674499988556,Europe,84600.71,0.5306244,0.965,0.009,0.993,81.96998
Norway,NOR,2018,0.2756024301052093,Europe,84739.92,0.47065446,0.966,0.008,0.992,82.24521
Norway,NOR,2019,0.2774184346199035,Europe,85115.32,0.5235866,0.967,0.008,0.992,82.49359
Norway,NOR,2020,0.2839288413524627,Europe,83543.1,0.576286,0.969,0.01,0.986,82.70299
Norway,NOR,2021,0.2908912599086761,Europe,86334.59,0.5362336,0.969,0.01,0.986,82.86129
Norway,NOR,2022,0.269462525844574,Europe,88366.22,0.5497726,0.967,0.01,0.984,82.95637
Pakistan,PAK,1990,0.3324797451496124,Asia,2531.0,7.067246,0.396,0.831,0.249,30.753044
Pakistan,PAK,1996,0.2866498827934265,Asia,2979.808,6.540264,0.42,0.831,0.26,32.140213
Pakistan,PAK,1998,0.3312329351902008,Asia,3035.4517,6.9927897,0.426,0.831,0.228,32.587173
Pakistan,PAK,2001,0.2865301966667175,Asia,3176.9468,6.0230713,0.443,0.752,0.251,33.19885
Pakistan,PAK,2004,0.3088610768318176,Asia,3664.5334,5.6128345,0.472,0.866,0.224,33.744137
Pakistan,PAK,2005,0.3126125335693359,Asia,3883.9346,5.5752754,0.48,0.866,0.212,33.919006
Pakistan,PAK,2007,0.2966950237751007,Asia,4160.365,5.721619,0.495,0.866,0.218,34.268307
Pakistan,PAK,2010,0.2878086268901825,Asia,4354.267,6.620188,0.5,0.925,0.218,34.815918
Pakistan,PAK,2011,0.2969795763492584,Asia,4464.0,6.8025856,0.504,0.925,0.223,35.011368
Pakistan,PAK,2013,0.2952857315540313,Asia,4638.1616,6.602898,0.512,0.906,0.247,35.431534
Pakistan,PAK,2015,0.3129126727581024,Asia,4889.915,4.3655767,0.527,0.883,0.25,35.901733
Pakistan,PAK,2018,0.2958926558494568,Asia,5299.071,3.631534,0.538,0.902,0.253,36.747852
Panama,PAN,1991,0.5797843933105469,North America,7659.47,11.721248,0.674,0.576,0.573,54.52775
Panama,PAN,1995,0.5762895345687866,North America,8555.783,13.837111,0.69,0.576,0.591,58.248413
Panama,PAN,1997,0.5811877250671387,North America,9054.722,11.10447,0.701,0.576,0.591,60.174522
Panama,PAN,1998,0.5733296275138855,North America,9560.335,9.710032,0.707,0.576,0.591,61.008625
Panama,PAN,1999,0.5632699728012085,North America,9784.694,9.655054,0.712,0.576,0.591,61.70137
Panama,PAN,2000,0.565790593624115,North America,9898.788,9.932339,0.718,0.576,0.591,62.216537
Panama,PAN,2001,0.5669551491737366,North America,9804.559,9.968932,0.723,0.576,0.591,62.6337
Panama,PAN,2002,0.5608869791030884,North America,9879.454,12.015298,0.73,0.576,0.591,63.03309
Panama,PAN,2003,0.5564636588096619,North America,10153.772,10.564902,0.735,0.576,0.591,63.407993
Panama,PAN,2004,0.5477020740509033,North America,10769.523,9.473557,0.741,0.576,0.6,63.755375
Panama,PAN,2005,0.5379738211631775,North America,11389.244,10.986937,0.746,0.576,0.591,64.0722
Panama,PAN,2006,0.5463358759880066,North America,12195.747,6.5481005,0.753,0.576,0.591,64.35541
Panama,PAN,2007,0.5268421769142151,North America,13492.383,8.116387,0.763,0.576,0.591,64.60198
Panama,PAN,2008,0.5269296169281006,North America,14466.968,14.083105,0.767,0.576,0.591,64.80887
Panama,PAN,2009,0.5177022218704224,North America,14515.766,15.767114,0.77,0.576,0.591,64.97304
Panama,PAN,2010,0.5160857439041138,North America,15169.125,12.677293,0.775,0.576,0.591,65.09261
Panama,PAN,2011,0.5134671926498413,North America,16762.0,14.863932,0.781,0.576,0.591,65.18967
Panama,PAN,2012,0.5173878073692322,North America,18051.0,16.944845,0.798,0.576,0.591,65.28294
Panama,PAN,2013,0.5145573616027832,North America,18979.0,17.33184,0.799,0.573,0.601,65.37098
Panama,PAN,2014,0.5046523809432983,North America,19855.0,15.518613,0.798,0.573,0.601,65.45312
Panama,PAN,2015,0.5080543160438538,North America,20723.0,11.893836,0.803,0.573,0.601,65.528725
Panama,PAN,2016,0.5040669441223145,North America,21445.125,10.051907,0.81,0.573,0.601,65.59715
Panama,PAN,2017,0.4988425076007843,North America,22331.217,9.222421,0.815,0.546,0.616,65.65777
Panama,PAN,2018,0.4921132326126098,North America,22843.75,9.6212435,0.82,0.509,0.607,65.70993
Panama,PAN,2019,0.4983735978603363,North America,23218.432,11.334922,0.824,0.507,0.607,65.75298
Panama,PAN,2021,0.5085777640342712,North America,21539.07,12.657048,0.819,0.488,0.629,65.80923
Paraguay,PRY,2001,0.5462630987167358,South America,4918.046,25.329197,0.671,0.871,0.325,57.96866
Paraguay,PRY,2002,0.5727429986000061,South America,5571.4272,26.077066,0.679,0.871,0.325,58.30897
Paraguay,PRY,2003,0.5493751168251038,South America,5726.99,24.124947,0.673,0.825,0.383,58.55213
Paraguay,PRY,2004,0.5226007103919983,South America,5876.66,22.438026,0.681,0.81,0.403,58.742138
Paraguay,PRY,2005,0.5138111710548401,South America,5922.791,16.280914,0.683,0.81,0.403,58.894077
Paraguay,PRY,2006,0.5299407839775085,South America,6128.6426,13.478294,0.684,0.81,0.404,59.02023
Paraguay,PRY,2007,0.5304040908813477,South America,6383.4854,14.084288,0.69,0.809,0.43,59.132854
Paraguay,PRY,2008,0.5070464611053467,South America,6713.0303,14.839032,0.7,0.757,0.512,59.244225
Paraguay,PRY,2009,0.4914507865905761,South America,6376.9414,14.476561,0.7,0.757,0.512,59.36661
Paraguay,PRY,2010,0.5098243951797485,South America,7139.027,12.913972,0.709,0.757,0.512,59.51228
Paraguay,PRY,2011,0.5230962634086609,South America,7377.0,11.299093,0.715,0.757,0.512,59.6935
Paraguay,PRY,2012,0.4763356447219848,South America,7232.376,11.005581,0.719,0.804,0.47,59.92129
Paraguay,PRY,2013,0.4793535768985748,South America,7735.565,10.096207,0.73,0.828,0.382,60.23753
Paraguay,PRY,2014,0.5070264339447021,South America,8047.5933,9.522537,0.733,0.825,0.4,60.710197
Paraguay,PRY,2015,0.4760573208332062,South America,8188.404,10.017693,0.737,0.837,0.38,61.330276
Paraguay,PRY,2016,0.4789971709251404,South America,8438.709,10.705497,0.737,0.837,0.379,62.08276
Paraguay,PRY,2017,0.4854749143123626,South America,8741.245,8.534926,0.74,0.832,0.369,62.95264
Paraguay,PRY,2018,0.4595510065555572,South America,8915.669,7.7325425,0.744,0.786,0.415,63.9249
Paraguay,PRY,2019,0.4565063714981079,South America,8776.076,8.503378,0.747,0.791,0.424,64.98453
Paraguay,PRY,2020,0.4348194301128387,South America,8603.079,7.283752,0.742,0.765,0.434,66.11652
Paraguay,PRY,2021,0.4290512204170227,South America,8845.659,7.8543644,0.723,0.766,0.473,67.30586
Paraguay,PRY,2022,0.4459167122840881,South America,8762.771,6.981769,0.747,0.775,0.481,68.639656
Peru,PER,2011,0.4465974271297455,South America,10044.0,5.518002,0.738,0.506,0.752,78.01182
Peru,PER,2012,0.4444001615047455,South America,10605.589,6.659816,0.748,0.518,0.755,78.6488
Peru,PER,2013,0.4388271570205688,South America,11173.4375,6.750974,0.757,0.54,0.731,79.310555
Peru,PER,2014,0.4313880801200866,South America,11389.862,6.8933854,0.763,0.54,0.731,79.994545
Peru,PER,2015,0.4335605502128601,South America,11713.57,7.377469,0.768,0.524,0.743,80.69828
Peru,PER,2016,0.4363897144794464,South America,12132.035,7.888813,0.775,0.527,0.741,81.419235
Peru,PER,2017,0.4329266548156738,South America,12390.033,7.939438,0.775,0.522,0.748,82.19317
Peru,PER,2018,0.4236555993556976,South America,12677.875,7.687103,0.78,0.51,0.759,82.68549
Peru,PER,2019,0.4152811765670776,South America,12680.354,7.349927,0.784,0.526,0.753,83.1033
Peru,PER,2020,0.4373981058597564,South America,11136.991,5.795013,0.769,0.534,0.759,83.52674
Peru,PER,2021,0.4012180268764496,South America,12550.461,8.604808,0.764,0.525,0.75,83.94801
Philippines,PHL,1991,0.4382354915142059,Asia,3432.5828,13.523914,0.594,0.716,0.552,36.257233
Philippines,PHL,1994,0.4288838803768158,Asia,3529.0073,9.339417,0.606,0.707,0.559,37.09254
Philippines,PHL,2000,0.4279947280883789,Asia,4033.5608,7.202476,0.632,0.763,0.501,39.138416
Philippines,PHL,2009,0.4176033735275268,Asia,5338.306,9.628725,0.662,0.804,0.458,44.33568
Philippines,PHL,2012,0.4222432971000671,Asia,6155.8296,8.469135,0.681,0.716,0.598,47.918278
Philippines,PHL,2018,0.3781170547008514,Asia,8234.928,5.1623673,0.7,0.751,0.438,53.20889
Poland,POL,1992,0.2929856181144714,Europe,7873.925,2.2414815,0.724,0.084,0.941,61.435715
Poland,POL,1995,0.345999002456665,Europe,9408.274,2.2233999,0.754,0.084,0.95,61.59737
Poland,POL,1999,0.322562038898468,Europe,12058.42,1.9353467,0.793,0.084,0.953,61.729187
Poland,POL,2008,0.3348563313484192,Europe,19011.547,0.8579873,0.841,0.085,0.957,61.125877
Poland,POL,2009,0.3335572183132171,Europe,19718.465,1.0183634,0.846,0.085,0.957,60.980076
Poland,POL,2010,0.3321481049060821,Europe,20608.693,1.007997,0.852,0.086,0.956,60.847477
Poland,POL,2011,0.3318064510822296,Europe,21837.0,1.1044621,0.858,0.085,0.958,60.73571
Poland,POL,2012,0.3302015960216522,Europe,22169.826,1.0693407,0.863,0.087,0.957,60.634163
Poland,POL,2013,0.3313732147216797,Europe,22378.305,0.7971926,0.873,0.087,0.95,60.533318
Poland,POL,2014,0.3282444477081299,Europe,23247.818,0.75003046,0.873,0.094,0.942,60.434006
Poland,POL,2015,0.317509114742279,Europe,24285.14,0.7787528,0.879,0.074,0.92,60.33629
Poland,POL,2016,0.3118916749954223,Europe,25020.621,0.6795029,0.884,0.093,0.863,60.240227
Poland,POL,2017,0.296852707862854,Europe,26310.113,0.75022954,0.882,0.096,0.823,60.14589
Poland,POL,2018,0.3021489977836609,Europe,27880.836,0.71389216,0.884,0.107,0.788,60.05333
Poland,POL,2019,0.2876017689704895,Europe,29142.023,0.66185516,0.887,0.107,0.778,59.96262
Poland,POL,2020,0.2846260070800781,Europe,28577.14,0.6968639,0.88,0.125,0.767,59.873814
Poland,POL,2021,0.2847950458526611,Europe,30687.662,0.71765995,0.884,0.139,0.736,59.80965
Poland,POL,2022,0.2885818481445312,Europe,32468.402,0.70338625,0.902,0.139,0.748,59.83155
Portugal,PRT,2005,0.3848007321357727,Europe,24377.95,1.2853478,0.81,0.088,0.957,58.245075
Portugal,PRT,2010,0.358446717262268,Europe,25463.164,1.1721711,0.836,0.091,0.952,61.078888
Portugal,PRT,2011,0.3634467720985412,Europe,25133.0,1.0798469,0.843,0.091,0.951,61.14107
Portugal,PRT,2012,0.3603479266166687,Europe,24211.438,1.1604514,0.844,0.087,0.958,61.14098
Portugal,PRT,2013,0.3618710339069366,Europe,24119.96,1.3768971,0.849,0.091,0.95,61.14053
Portugal,PRT,2014,0.355621725320816,Europe,24442.387,0.88408846,0.854,0.091,0.95,61.139454
Portugal,PRT,2015,0.3552330136299133,Europe,24983.701,0.9642953,0.857,0.093,0.962,61.13747
Portugal,PRT,2016,0.3519051969051361,Europe,25568.695,0.63790476,0.859,0.104,0.955,61.1343
Portugal,PRT,2017,0.3380384147167206,Europe,26529.986,0.7356611,0.864,0.094,0.966,61.129673
Portugal,PRT,2018,0.3349256217479706,Europe,27329.69,0.7844768,0.866,0.1,0.963,61.123306
Portugal,PRT,2019,0.3276274800300598,Europe,28056.057,0.7057768,0.872,0.105,0.966,61.114925
Portugal,PRT,2020,0.34668630361557,Europe,25700.283,0.7810602,0.87,0.121,0.923,61.104256
Portugal,PRT,2021,0.3459201753139496,Europe,27138.479,0.78914785,0.876,0.131,0.923,61.095123
Portugal,PRT,2022,0.3625220358371734,Europe,28992.059,0.71997195,0.883,0.139,0.931,61.125927
Qatar,QAT,2017,0.351283848285675,Asia,153819.11,0.44334275,0.87,0.395,0.526,99.03101
Romania,ROU,1992,0.2546172738075256,Europe,4818.304,3.661774,0.694,0.709,0.418,54.313057
Romania,ROU,1994,0.2820058166980743,Europe,5427.071,3.4100533,0.695,0.709,0.416,54.09057
Romania,ROU,1995,0.3115802705287933,Europe,6014.69,3.3454378,0.701,0.709,0.416,53.898544
Romania,ROU,1997,0.3050442636013031,Europe,6446.418,3.0921607,0.709,0.709,0.445,53.44543
Romania,ROU,2006,0.396408200263977,Europe,12823.231,1.6971123,0.781,0.685,0.547,53.256638
Romania,ROU,2007,0.375477135181427,Europe,14418.83,1.8159416,0.792,0.663,0.59,53.447277
Romania,ROU,2008,0.3642873466014862,Europe,16347.344,1.4576174,0.815,0.646,0.594,53.629787
Romania,ROU,2009,0.3556433618068695,Europe,15866.127,1.2538316,0.826,0.63,0.616,53.787514
Romania,ROU,2010,0.3547110557556152,Europe,16377.328,1.3018428,0.822,0.589,0.644,53.903824
Romania,ROU,2011,0.3586669266223907,Europe,17174.0,1.0107479,0.823,0.589,0.644,53.960888
Romania,ROU,2012,0.3654547035694122,Europe,17580.932,1.051668,0.817,0.588,0.635,53.95631
Romania,ROU,2013,0.3691512048244476,Europe,17691.443,1.0865816,0.821,0.467,0.741,53.910175
Romania,ROU,2014,0.3600910604000091,Europe,18487.26,1.62759,0.82,0.439,0.775,53.826717
Romania,ROU,2015,0.3591363131999969,Europe,19162.186,1.706002,0.823,0.439,0.8,53.707184
Romania,ROU,2016,0.3440666794776916,Europe,19825.604,1.5472479,0.823,0.352,0.875,53.55282
Romania,ROU,2017,0.360126256942749,Europe,23003.695,1.295113,0.828,0.461,0.661,53.364864
Romania,ROU,2018,0.3575841188430786,Europe,24000.455,1.2756487,0.833,0.499,0.529,53.14457
Romania,ROU,2019,0.3480053842067718,Europe,23267.516,1.2511832,0.838,0.384,0.626,52.893185
Romania,ROU,2020,0.345702052116394,Europe,24799.71,1.4490161,0.832,0.347,0.761,52.611946
Romania,ROU,2021,0.3385264873504638,Europe,26102.588,1.2676536,0.829,0.295,0.799,52.23215
Romania,ROU,2022,0.3230303525924682,Europe,26197.904,1.2886885,0.84,0.32,0.781,52.163483
Russia,RUS,1993,0.4538547694683075,Europe,9789.066,30.418112,0.725,0.719,0.272,73.0591
Russia,RUS,1996,0.4609862864017486,Europe,8479.381,26.39235,0.723,0.774,0.275,73.06231
Russia,RUS,1997,0.3840920031070709,Europe,8813.35,23.668655,0.734,0.774,0.27,73.11566
Russia,RUS,1998,0.3813700377941131,Europe,8557.495,22.726913,0.738,0.774,0.26,73.19121
Russia,RUS,1999,0.3744338750839233,Europe,9340.029,25.960669,0.74,0.774,0.259,72.96533
Russia,RUS,2000,0.3709274232387543,Europe,10552.885,28.00615,0.75,0.787,0.221,73.15682
Russia,RUS,2001,0.3692498505115509,Europe,11391.194,29.374348,0.758,0.778,0.209,73.22998
Russia,RUS,2002,0.3728376924991607,Europe,12259.477,30.322153,0.764,0.782,0.206,73.2929
Russia,RUS,2003,0.3997154831886291,Europe,13521.239,28.645853,0.772,0.782,0.185,73.40574
Russia,RUS,2004,0.4031583070755005,Europe,14880.979,27.039518,0.777,0.727,0.237,73.30658
Russia,RUS,2005,0.4126559793949127,Europe,16243.101,24.644897,0.78,0.727,0.242,73.16139
Russia,RUS,2006,0.4095093905925751,Europe,18008.336,20.016245,0.791,0.727,0.246,73.24392
Russia,RUS,2007,0.4227247238159179,Europe,20018.123,17.640097,0.802,0.727,0.245,73.385605
Russia,RUS,2008,0.4156858325004577,Europe,21563.463,12.647081,0.807,0.731,0.242,73.48225
Russia,RUS,2009,0.3984560072422027,Europe,20335.559,12.274349,0.805,0.737,0.243,73.52887
Russia,RUS,2010,0.3954897820949554,Europe,21737.385,11.595555,0.808,0.728,0.23,73.66963
Russia,RUS,2011,0.3974931538105011,Europe,23130.0,11.229227,0.822,0.736,0.23,73.853485
Russia,RUS,2012,0.4071482717990875,Europe,24020.31,11.259882,0.825,0.737,0.211,73.97266
Russia,RUS,2013,0.4088442325592041,Europe,24389.973,11.087514,0.83,0.721,0.204,74.076294
Russia,RUS,2014,0.3988122045993805,Europe,24135.035,11.39619,0.831,0.712,0.198,74.17765
Russia,RUS,2015,0.3771053850650787,Europe,23607.953,11.455697,0.833,0.712,0.206,74.27592
Russia,RUS,2016,0.3684850037097931,Europe,23610.37,10.88225,0.835,0.716,0.2,74.370316
Russia,RUS,2017,0.3723907172679901,Europe,24013.967,9.093161,0.838,0.722,0.192,74.46004
Russia,RUS,2018,0.3747300505638122,Europe,24690.082,8.170448,0.845,0.722,0.193,74.5443
Russia,RUS,2019,0.3773686289787292,Europe,25244.12,7.644691,0.847,0.722,0.196,74.622284
Russia,RUS,2020,0.3606824278831482,Europe,24625.385,7.308127,0.818,0.719,0.187,74.69322
Rwanda,RWA,2010,0.4722191393375397,Africa,1416.3923,2.820436,0.504,0.551,0.497,16.925558
Rwanda,RWA,2013,0.4511156678199768,Africa,1552.4253,3.236176,0.499,0.418,0.525,17.07422
Rwanda,RWA,2016,0.4370951056480407,Africa,1774.9015,3.288816,0.534,0.428,0.497,19.121395
Sao Tome and Principe,STP,2010,0.3082126975059509,Africa,3093.3452,3.3002937,0.564,0.314,0.727,66.05722
Serbia,SRB,2012,0.3988659977912903,Europe,12438.256,1.5017837,0.788,0.653,0.58,59.346844
Serbia,SRB,2013,0.3944474756717682,Europe,12860.451,1.9103432,0.792,0.652,0.528,59.611107
Serbia,SRB,2014,0.4043598473072052,Europe,12717.727,1.6327202,0.795,0.654,0.528,59.877937
Serbia,SRB,2015,0.404602438211441,Europe,13013.854,1.3932908,0.802,0.654,0.528,60.13881
Serbia,SRB,2016,0.387736439704895,Europe,13518.949,1.6278228,0.806,0.709,0.496,60.385387
Serbia,SRB,2017,0.3610448837280273,Europe,13876.65,1.2158043,0.808,0.694,0.474,60.62121
Serbia,SRB,2018,0.3500294685363769,Europe,14579.859,1.4957224,0.814,0.67,0.512,60.84336
Serbia,SRB,2019,0.344751238822937,Europe,15293.246,1.2632512,0.817,0.636,0.527,61.049225
Serbia,SRB,2020,0.3495087027549743,Europe,15256.421,1.2160146,0.809,0.671,0.476,61.2232
Serbia,SRB,2021,0.3312888145446777,Europe,16563.828,1.1264837,0.807,0.722,0.483,61.3639
Serbia,SRB,2022,0.3280288875102997,Europe,17097.686,1.0896432,0.826,0.694,0.488,61.901382
Seychelles,SYC,2013,0.4682198166847229,Africa,23036.0,17.63107,0.797,0.256,0.803,42.81507
Seychelles,SYC,2018,0.3212532103061676,Africa,31524.877,7.8233657,0.847,0.155,0.894,43.738667
Sierra Leone,SLE,2011,0.3403017818927765,Africa,1479.0,2.9277072,0.416,0.824,0.371,39.047215
Slovakia,SVK,1996,0.2627550363540649,Europe,12622.909,2.4615712,0.74,0.38,0.703,56.534637
Slovakia,SVK,2004,0.2707678079605102,Europe,16570.861,2.0089142,0.806,0.318,0.849,55.584385
Slovakia,SVK,2005,0.2929649353027344,Europe,17649.52,1.7296871,0.815,0.318,0.849,55.418983
Slovakia,SVK,2006,0.25797039270401,Europe,19099.428,1.5250577,0.824,0.324,0.847,55.24643
Slovakia,SVK,2007,0.2466471493244171,Europe,21109.94,1.5250143,0.834,0.311,0.84,55.070736
Slovakia,SVK,2008,0.2602499127388,Europe,22231.988,1.5987743,0.842,0.311,0.84,54.89593
Slovakia,SVK,2009,0.272309809923172,Europe,20953.037,1.4484484,0.845,0.311,0.84,54.726036
Slovakia,SVK,2010,0.2731572091579437,Europe,21941.213,1.650639,0.851,0.295,0.862,54.565075
Slovakia,SVK,2011,0.2653827965259552,Europe,22483.0,1.7784007,0.856,0.295,0.868,54.41674
Slovakia,SVK,2012,0.2611581087112427,Europe,22745.203,1.3876371,0.856,0.309,0.844,54.27645
Slovakia,SVK,2013,0.2808615267276764,Europe,22860.525,1.4416622,0.858,0.297,0.824,54.1384
Slovakia,SVK,2014,0.2610344290733337,Europe,23453.041,1.3295833,0.859,0.297,0.822,54.002914
Slovakia,SVK,2015,0.2649123668670654,Europe,24647.719,0.88556343,0.861,0.289,0.814,53.870064
Slovakia,SVK,2016,0.2515496909618377,Europe,25087.715,1.1055304,0.864,0.286,0.815,53.739933
Slovakia,SVK,2017,0.2323736548423767,Europe,25788.756,1.4717515,0.865,0.285,0.818,53.612602
Slovakia,SVK,2018,0.2497001886367797,Europe,26790.652,1.2308863,0.868,0.285,0.812,53.48815
Slovakia,SVK,2019,0.2323232442140579,Europe,27429.225,1.3943354,0.871,0.287,0.828,53.366657
Slovakia,SVK,2020,0.2421942502260208,Europe,26468.295,1.1548988,0.867,0.211,0.89,53.2482
Slovakia,SVK,2021,0.2411022037267685,Europe,27365.623,1.0105169,0.859,0.208,0.891,53.190147
Slovakia,SVK,2022,0.2407892644405365,Europe,27519.287,0.76737607,0.873,0.208,0.892,53.190285
Slovenia,SVN,1993,0.2911778092384338,Europe,15872.12,1.3060007,0.746,0.132,0.915,50.3572
Slovenia,SVN,1997,0.2412150055170059,Europe,19258.945,1.8141527,0.789,0.127,0.928,50.375584
Slovenia,SVN,1999,0.2404288649559021,Europe,20793.918,1.2618654,0.82,0.127,0.928,50.60242
Slovenia,SVN,2004,0.2479073256254196,Europe,24150.584,1.3543712,0.87,0.146,0.895,50.71244
Slovenia,SVN,2005,0.2463474124670028,Europe,24966.94,1.0015457,0.876,0.146,0.897,50.64878
Slovenia,SVN,2006,0.243639275431633,Europe,26182.78,0.5990673,0.883,0.146,0.897,50.567257
Slovenia,SVN,2007,0.2435475289821624,Europe,27832.764,1.1915652,0.888,0.152,0.894,50.470715
Slovenia,SVN,2008,0.2371801882982254,Europe,28473.596,0.4938063,0.894,0.132,0.898,50.362003
Slovenia,SVN,2009,0.2478773593902588,Europe,25905.512,0.63862985,0.894,0.13,0.911,50.243977
Slovenia,SVN,2010,0.2493325918912887,Europe,26000.92,0.73363554,0.896,0.14,0.914,50.119488
Slovenia,SVN,2011,0.2486803382635116,Europe,26004.0,0.7809434,0.897,0.145,0.914,49.94638
Slovenia,SVN,2012,0.2558550238609314,Europe,25269.232,0.6818223,0.897,0.153,0.9,49.761948
Slovenia,SVN,2013,0.2624110579490661,Europe,24975.363,0.5835323,0.907,0.132,0.923,50.046658
Slovenia,SVN,2014,0.256575345993042,Europe,25638.66,0.77730256,0.907,0.097,0.938,50.98347
Slovenia,SVN,2015,0.2540846467018127,Europe,26186.248,0.97089875,0.909,0.098,0.939,53.661217
Slovenia,SVN,2016,0.2475793659687042,Europe,27004.717,0.48511356,0.914,0.074,0.944,53.647274
Slovenia,SVN,2017,0.2421930730342865,Europe,28288.89,0.9212523,0.918,0.076,0.941,55.245113
Slovenia,SVN,2018,0.2463336437940597,Europe,29461.344,0.43489176,0.922,0.09,0.946,55.19134
Slovenia,SVN,2019,0.2438423186540603,Europe,30229.299,0.6719658,0.923,0.094,0.946,55.452328
Slovenia,SVN,2020,0.2403152883052826,Europe,28733.303,0.5232067,0.918,0.136,0.89,55.38439
Slovenia,SVN,2021,0.2428227961063385,Europe,31019.943,0.42583513,0.924,0.184,0.837,55.30463
Slovenia,SVN,2022,0.2430506497621536,Europe,32673.762,0.61459094,0.926,0.095,0.931,55.33778
South Africa,ZAF,2000,0.5776966214179993,Africa,7582.7783,46.136833,0.618,0.416,0.786,56.258995
South Africa,ZAF,2005,0.64761883020401,Africa,9393.693,37.437843,0.616,0.443,0.759,59.824177
South Africa,ZAF,2008,0.6300899982452393,Africa,10977.146,35.379326,0.643,0.446,0.758,61.7693
South Africa,ZAF,2010,0.6338256001472473,Africa,11318.6045,30.362572,0.669,0.487,0.735,62.629913
South Africa,ZAF,2014,0.6302571892738342,Africa,12034.149,32.026356,0.713,0.481,0.705,63.13523
South Korea,KOR,2006,0.3170298337936401,Asia,28516.484,0.86587715,0.871,0.132,0.949,81.56646
South Korea,KOR,2008,0.3232483267784118,Asia,30117.729,0.88845104,0.878,0.17,0.908,81.83508
South Korea,KOR,2010,0.3202122449874878,Asia,31537.773,0.9937274,0.894,0.18,0.904,81.968506
South Korea,KOR,2012,0.3155805170536041,Asia,32826.48,0.8770236,0.901,0.196,0.894,81.90879
South Korea,KOR,2014,0.3119290471076965,Asia,34573.09,0.74595773,0.91,0.213,0.86,81.73157
South Korea,KOR,2016,0.3522220551967621,Asia,36255.24,0.69398636,0.918,0.233,0.834,81.55592
South Korea,KOR,2017,0.348546415567398,Asia,37296.047,0.58462185,0.922,0.134,0.951,81.47103
South Korea,KOR,2018,0.3372503221035003,Asia,38214.324,0.598363,0.924,0.129,0.951,81.382355
South Korea,KOR,2019,0.3319616317749023,Asia,38935.992,0.5737152,0.927,0.113,0.95,81.29011
South Korea,KOR,2020,0.3270860612392425,Asia,38606.984,0.59392405,0.928,0.113,0.952,81.17596
South Korea,KOR,2021,0.32906574010849,Asia,40277.953,0.47253147,0.933,0.16,0.937,81.16165
Spain,ESP,1990,0.3202321529388428,Europe,19215.0,1.2382199,0.766,0.038,0.987,74.83743
Spain,ESP,1993,0.3565849065780639,Europe,20056.54,1.1948973,0.789,0.038,0.987,75.344345
Spain,ESP,1994,0.3510372340679168,Europe,20673.955,1.0763015,0.798,0.038,0.987,75.472374
Spain,ESP,1995,0.3572663366794586,Europe,21522.098,1.0261471,0.804,0.038,0.987,75.588295
Spain,ESP,1996,0.3646458089351654,Europe,22185.066,0.9866449,0.811,0.038,0.987,75.69723
Spain,ESP,1997,0.3532441854476928,Europe,23113.615,1.1453642,0.816,0.038,0.987,75.80426
Spain,ESP,1998,0.345800518989563,Europe,24284.861,1.2851622,0.821,0.038,0.987,75.914505
Spain,ESP,1999,0.3379192650318146,Europe,25549.54,1.1908013,0.825,0.038,0.987,76.033066
Spain,ESP,2000,0.3412891030311584,Europe,26994.86,1.3481302,0.833,0.038,0.987,76.165054
Spain,ESP,2003,0.3180093765258789,Europe,29371.865,1.3809639,0.846,0.038,0.987,76.709335
Spain,ESP,2004,0.3330196142196655,Europe,30088.092,1.2027414,0.852,0.038,0.987,76.95496
Spain,ESP,2005,0.3243177533149719,Europe,30885.602,1.1783738,0.857,0.038,0.987,77.22068
Spain,ESP,2006,0.3354115486145019,Europe,31907.424,1.0649854,0.862,0.038,0.988,77.496864
Spain,ESP,2007,0.3413740992546081,Europe,32735.434,1.0589565,0.864,0.038,0.988,77.773895
Spain,ESP,2008,0.3422040045261383,Europe,32844.324,0.8802845,0.865,0.038,0.988,78.042145
Spain,ESP,2009,0.3492408394813537,Europe,31669.691,0.88345325,0.867,0.038,0.988,78.29199
Spain,ESP,2010,0.3524448275566101,Europe,31786.404,0.8560973,0.875,0.038,0.988,78.51382
Spain,ESP,2011,0.3569397330284118,Europe,31600.0,0.81918305,0.879,0.041,0.985,78.6954
Spain,ESP,2012,0.3540365993976593,Europe,30645.215,0.7741663,0.881,0.044,0.974,78.845566
Spain,ESP,2013,0.3618189692497253,Europe,30327.451,0.64446753,0.886,0.053,0.969,78.98581
Spain,ESP,2014,0.3605230748653412,Europe,30842.184,0.69135,0.89,0.053,0.968,79.119675
Spain,ESP,2015,0.361783355474472,Europe,32057.098,0.6469069,0.895,0.053,0.967,79.24549
Spain,ESP,2016,0.3575709164142608,Europe,33002.676,0.62910885,0.9,0.062,0.973,79.361595
Spain,ESP,2017,0.3465125560760498,Europe,33924.137,0.6550228,0.902,0.051,0.97,79.466324
Spain,ESP,2018,0.3471632599830627,Europe,34553.625,0.6136817,0.905,0.036,0.977,79.55801
Spain,ESP,2019,0.3430371284484863,Europe,34957.465,0.6977952,0.91,0.036,0.983,79.63498
Spain,ESP,2020,0.3486364185810089,Europe,30834.514,0.6942189,0.901,0.033,0.985,79.695564
Spain,ESP,2021,0.3388591110706329,Europe,32553.05,0.60751224,0.912,0.036,0.981,79.78462
Spain,ESP,2022,0.3357942104339599,Europe,34123.387,0.67951286,0.911,0.05,0.974,79.95488
Sri Lanka,LKA,1990,0.3244743347167969,Asia,3864.0,12.138848,0.638,0.413,0.579,18.090908
Sri Lanka,LKA,1995,0.3539953827857971,Asia,4702.295,9.189216,0.667,0.438,0.597,15.865207
Sri Lanka,LKA,2006,0.3966901898384094,Asia,6904.036,10.043036,0.724,0.561,0.499,15.482927
Sri Lanka,LKA,2009,0.3605415225028991,Asia,7796.6475,5.2947435,0.723,0.568,0.484,16.742813
Sri Lanka,LKA,2012,0.3871360719203949,Asia,9599.045,3.1932797,0.759,0.63,0.419,18.261768
Sri Lanka,LKA,2016,0.3934577405452728,Asia,11236.119,2.4189014,0.772,0.489,0.71,18.974768
Sri Lanka,LKA,2019,0.3766377568244934,Asia,11939.55,3.3109403,0.781,0.503,0.655,19.494633
Sweden,SWE,1992,0.2490873336791992,Europe,27198.53,1.3152469,0.829,0.004,0.995,83.60789
Sweden,SWE,1995,0.2523650527000427,Europe,28519.443,0.9856903,0.869,0.004,0.995,83.9
Sweden,SWE,2000,0.2696006000041961,Europe,34202.605,1.0820435,0.912,0.004,0.995,84.04
Sweden,SWE,2001,0.2654536068439483,Europe,34666.664,0.97796524,0.915,0.004,0.995,84.08272
Sweden,SWE,2002,0.2621690630912781,Europe,35569.773,1.1316468,0.918,0.004,0.995,84.134254
Sweden,SWE,2003,0.2526851892471313,Europe,36435.754,0.94882685,0.923,0.004,0.995,84.19543
Sweden,SWE,2004,0.2614011168479919,Europe,38016.062,1.1897074,0.908,0.004,0.995,84.267075
Sweden,SWE,2005,0.2682101726531982,Europe,39258.992,0.9191817,0.911,0.004,0.995,84.35
Sweden,SWE,2006,0.2635122835636139,Europe,40992.3,1.0021338,0.915,0.004,0.994,84.45532
Sweden,SWE,2007,0.27114138007164,Europe,42399.844,1.2133436,0.917,0.004,0.994,84.59069
Sweden,SWE,2008,0.2811915874481201,Europe,42189.965,0.8893806,0.913,0.004,0.994,84.75174
Sweden,SWE,2009,0.2733984291553497,Europe,40116.312,1.0001355,0.912,0.004,0.994,84.934105
Sweden,SWE,2010,0.2773614823818207,Europe,42634.754,0.97033215,0.918,0.004,0.994,85.13342
Sweden,SWE,2011,0.2760522961616516,Europe,42079.0,0.8572101,0.92,0.004,0.995,85.36008
Sweden,SWE,2012,0.2764386534690857,Europe,41523.145,0.71432424,0.92,0.004,0.995,85.62507
Sweden,SWE,2013,0.2882274687290191,Europe,41661.805,0.90619147,0.94,0.004,0.995,85.92498
Sweden,SWE,2014,0.2838863730430603,Europe,42346.836,0.8972371,0.943,0.004,0.995,86.256386
Sweden,SWE,2015,0.2920967936515808,Europe,43782.457,1.1429176,0.945,0.008,0.992,86.61587
Sweden,SWE,2016,0.2956119775772095,Europe,44131.03,1.0681952,0.947,0.008,0.992,87.0
Sweden,SWE,2017,0.2877413332462311,Europe,44658.484,1.1234993,0.949,0.008,0.993,87.23737
Sweden,SWE,2018,0.2997155487537384,Europe,45003.492,1.0613829,0.95,0.008,0.993,87.47374
Sweden,SWE,2019,0.2930463254451751,Europe,45434.402,1.0798584,0.955,0.009,0.993,87.70884
Sweden,SWE,2020,0.2887060344219208,Europe,44128.332,1.197641,0.951,0.008,0.993,87.942406
Sweden,SWE,2021,0.2976534366607666,Europe,46226.543,1.0848558,0.958,0.008,0.992,88.174164
Sweden,SWE,2022,0.3160836100578308,Europe,47126.13,1.1060958,0.959,0.009,0.993,88.403854
Switzerland,CHE,1992,0.3385482132434845,Europe,34356.8,1.3527173,0.863,0.023,0.993,69.82006
Switzerland,CHE,2000,0.3343105614185333,Europe,43251.105,0.96046686,0.892,0.023,0.993,73.30243
Switzerland,CHE,2002,0.31686732172966,Europe,44934.316,1.1815212,0.896,0.023,0.993,73.41953
Switzerland,CHE,2009,0.3285585641860962,Europe,55171.5,0.65911525,0.942,0.024,0.993,73.57412
Switzerland,CHE,2010,0.3255302906036377,Europe,57219.5,0.66447276,0.945,0.022,0.993,73.60867
Switzerland,CHE,2011,0.3171361982822418,Europe,58686.0,0.58122116,0.946,0.024,0.993,73.65059
Switzerland,CHE,2012,0.3156712651252746,Europe,58750.938,0.5625755,0.949,0.024,0.993,73.752266
Switzerland,CHE,2013,0.3246218860149383,Europe,59120.062,0.7044689,0.952,0.024,0.994,74.11214
Switzerland,CHE,2014,0.3252565860748291,Europe,59775.54,0.5005961,0.956,0.024,0.994,74.740265
Switzerland,CHE,2015,0.3230695724487304,Europe,60070.867,0.6880789,0.957,0.021,0.995,75.6045
Switzerland,CHE,2016,0.3304245173931122,Europe,60647.64,0.5373198,0.959,0.021,0.995,76.67267
Switzerland,CHE,2017,0.3267633318901062,Europe,60903.223,0.53231585,0.96,0.022,0.994,77.91263
Switzerland,CHE,2018,0.3314104080200195,Europe,62185.477,0.58710635,0.962,0.022,0.995,79.29222
Switzerland,CHE,2019,0.3399834036827087,Europe,62448.598,0.5362853,0.965,0.022,0.995,80.77929
Switzerland,CHE,2020,0.3373792767524719,Europe,60521.26,0.5439449,0.963,0.022,0.994,82.34168
Switzerland,CHE,2021,0.3382431268692016,Europe,62595.31,0.4823692,0.968,0.021,0.994,84.200645
Switzerland,CHE,2022,0.3379517793655395,Europe,63323.254,0.4776971,0.966,0.02,0.995,84.92062
Syria,SYR,2003,0.3751460313796997,Asia,6986.524,2.2639236,0.621,0.896,0.093,53.1024
Syria,SYR,2006,0.4014725089073181,Asia,6901.778,2.2712202,0.658,0.896,0.096,54.05977
Syria,SYR,2009,0.4039477705955505,Asia,6586.5186,2.1659038,0.668,0.896,0.09,55.029366
Tajikistan,TJK,1999,0.2953243553638458,Asia,1621.3206,5.750302,0.546,0.836,0.064,26.573423
Tajikistan,TJK,2003,0.327194482088089,Asia,2135.9082,2.4629896,0.587,0.928,0.063,26.533121
Tajikistan,TJK,2004,0.3360194861888885,Asia,2301.292,2.0911424,0.598,0.928,0.063,26.532778
Tajikistan,TJK,2007,0.3218031823635101,Asia,2647.2095,1.8347406,0.625,0.933,0.055,26.531534
Tajikistan,TJK,2009,0.3077495396137237,Asia,2853.8884,1.2950203,0.634,0.933,0.055,26.529186
Tanzania,TZA,2011,0.3778314888477325,Africa,2227.0,9.013811,0.516,0.46,0.67,28.865726
Tanzania,TZA,2018,0.4049122929573059,Africa,2785.1824,4.759986,0.537,0.304,0.761,32.828743
Thailand,THA,1990,0.452656477689743,Asia,7385.0,9.762812,0.584,0.76,0.431,18.807148
Thailand,THA,1992,0.478579580783844,Asia,8409.0205,10.540884,0.603,0.751,0.429,20.225147
Thailand,THA,1994,0.4347021281719208,Asia,9499.518,8.592106,0.62,0.751,0.44,22.657864
Thailand,THA,1996,0.4290492236614227,Asia,10458.358,7.4666142,0.634,0.751,0.44,25.641088
Thailand,THA,1998,0.414557933807373,Asia,9077.748,8.713866,0.642,0.698,0.492,28.72165
Thailand,THA,1999,0.4309158623218536,Asia,9347.061,8.109274,0.65,0.698,0.492,30.156815
Thailand,THA,2000,0.4283366799354553,Asia,9627.1045,8.1608925,0.657,0.662,0.522,31.462622
Thailand,THA,2002,0.4194449484348297,Asia,10276.398,7.0612288,0.678,0.662,0.522,34.073277
Thailand,THA,2004,0.4254031181335449,Asia,11408.326,6.528444,0.699,0.662,0.522,36.785515
Thailand,THA,2006,0.4181903302669525,Asia,12180.711,7.0409536,0.71,0.662,0.462,39.4424
Thailand,THA,2007,0.3976151645183563,Asia,12694.715,6.609302,0.721,0.654,0.479,40.70369
Thailand,THA,2008,0.4028827250003814,Asia,12768.129,5.876974,0.723,0.658,0.536,41.89545
Thailand,THA,2009,0.3960126340389251,Asia,12543.398,5.4359093,0.725,0.663,0.515,42.99913
Thailand,THA,2010,0.3940277099609375,Asia,13343.547,5.328127,0.742,0.665,0.496,44.001873
Thailand,THA,2011,0.3745903372764587,Asia,13318.0,4.792253,0.747,0.665,0.521,44.80487
Tunisia,TUN,2005,0.3773338198661804,Africa,8983.384,2.5352318,0.69,0.872,0.153,65.23409
Tunisia,TUN,2010,0.3846648633480072,Africa,10721.812,2.656516,0.717,0.862,0.195,66.628006
Turkey,TUR,2003,0.4218433797359466,Asia,12380.207,4.1824083,0.691,0.517,0.726,61.584507
Turkey,TUR,2004,0.412875086069107,Asia,13423.795,4.2482705,0.696,0.532,0.712,62.438847
Turkey,TUR,2005,0.4261465668678283,Asia,14487.758,4.7670865,0.701,0.532,0.703,63.330246
Turkey,TUR,2006,0.3964741230010986,Asia,15425.188,4.522784,0.711,0.535,0.698,64.28739
Turkey,TUR,2007,0.3844279944896698,Asia,16090.835,5.0868835,0.719,0.548,0.681,65.33896
Turkey,TUR,2008,0.3902054131031036,Asia,16182.732,4.5512767,0.721,0.582,0.647,66.51365
Turkey,TUR,2010,0.3878507912158966,Asia,16528.12,4.1774163,0.75,0.652,0.528,69.34712
Turkey,TUR,2011,0.400393545627594,Asia,17919.0,4.1244917,0.764,0.666,0.507,71.00287
Turkey,TUR,2012,0.4016893804073334,Asia,18539.223,4.276755,0.772,0.686,0.493,73.77887
Turkey,TUR,2015,0.4285445809364319,Asia,21519.33,2.7932532,0.821,0.78,0.371,87.21671
Turkey,TUR,2016,0.4187370538711548,Asia,21937.162,3.3116117,0.826,0.827,0.234,88.1021
Turkey,TUR,2017,0.4353172481060028,Asia,23278.996,3.058363,0.833,0.837,0.141,88.03205
Turkey,TUR,2018,0.4244142472743988,Asia,23650.49,2.5599422,0.838,0.836,0.133,88.16557
Turkey,TUR,2019,0.4383380115032196,Asia,23497.504,2.395801,0.841,0.847,0.137,88.66181
Turkey,TUR,2020,0.4304501116275787,Asia,23721.88,2.4903681,0.838,0.851,0.132,88.93031
Turkey,TUR,2021,0.4436482787132263,Asia,26175.93,2.4975126,0.841,0.838,0.135,89.17621
Turkey,TUR,2022,0.4446767568588257,Asia,27361.988,2.6212268,0.853,0.843,0.13,89.03812
Uganda,UGA,1996,0.3904234170913696,Africa,1091.5275,8.506209,0.367,0.705,0.453,10.88393
Uganda,UGA,2009,0.4418968260288238,Africa,1757.3862,10.279433,0.509,0.784,0.369,17.612352
Uganda,UGA,2012,0.4100933969020843,Africa,1878.8959,11.841303,0.526,0.816,0.352,21.37237
Uganda,UGA,2016,0.4275335967540741,Africa,1953.0966,11.551799,0.553,0.831,0.303,25.695356
Uganda,UGA,2019,0.4270217716693878,Africa,2128.9087,10.972185,0.569,0.837,0.286,27.836979
Ukraine,UKR,1992,0.2970883250236511,Europe,8130.277,6.4406796,0.733,0.571,0.303,67.860344
Ukraine,UKR,1993,0.2892698347568512,Europe,7090.2573,7.060155,0.721,0.65,0.297,67.91797
Ukraine,UKR,1995,0.3923101723194122,Europe,5024.1816,8.529863,0.702,0.775,0.226,67.840965
Ukraine,UKR,1996,0.3515347838401794,Europe,4636.6265,9.557627,0.701,0.801,0.209,67.71942
Ukraine,UKR,2002,0.2904569506645202,Europe,6262.9824,8.825473,0.736,0.874,0.227,67.26727
Ukraine,UKR,2003,0.2866489291191101,Europe,7029.5703,8.363838,0.745,0.883,0.214,67.41968
Ukraine,UKR,2004,0.2893401682376861,Europe,8049.3955,7.2676864,0.751,0.847,0.239,67.5971
Ukraine,UKR,2005,0.2902071475982666,Europe,8496.677,6.3674784,0.757,0.834,0.235,67.81361
Ukraine,UKR,2006,0.2979439198970794,Europe,9355.988,6.256518,0.762,0.85,0.25,68.029335
Ukraine,UKR,2007,0.2701268792152405,Europe,10355.818,5.6222754,0.77,0.849,0.28,68.210236
Ukraine,UKR,2008,0.2663823068141937,Europe,10824.076,5.2670727,0.776,0.845,0.274,68.375206
Ukraine,UKR,2009,0.2531666457653045,Europe,9381.225,4.8044205,0.773,0.867,0.25,68.52515
Ukraine,UKR,2010,0.2481897622346878,Europe,9601.209,4.279318,0.782,0.883,0.186,68.6374
Ukraine,UKR,2012,0.2474065721035003,Europe,10381.639,5.0551767,0.789,0.892,0.193,68.824196
Ukraine,UKR,2014,0.2402536571025848,Europe,9817.459,6.1884985,0.788,0.804,0.194,69.055435
Ukraine,UKR,2017,0.2604904770851135,Europe,9477.51,6.0546646,0.785,0.754,0.277,69.26331
Ukraine,UKR,2018,0.2607148587703705,Europe,9827.172,4.428331,0.784,0.746,0.306,69.315796
Ukraine,UKR,2019,0.2661946713924408,Europe,10139.761,4.0482717,0.789,0.665,0.351,69.35277
Ukraine,UKR,2020,0.2562736272811889,Europe,9769.828,3.8003569,0.783,0.688,0.334,69.38391
United Arab Emirates,ARE,2013,0.3251042068004608,Asia,66825.305,0.7277977,0.846,0.115,0.701,83.95581
United Kingdom,GBR,1990,0.3574196994304657,Europe,26189.0,1.2724617,0.812,0.03,0.979,78.10918
United Kingdom,GBR,1991,0.3496281802654266,Europe,25792.014,1.38997,0.816,0.03,0.979,78.102066
United Kingdom,GBR,1992,0.3495547175407409,Europe,25790.186,1.3842863,0.824,0.03,0.979,78.15493
United Kingdom,GBR,1993,0.3507595956325531,Europe,26349.342,1.3497857,0.827,0.03,0.979,78.2748
United Kingdom,GBR,1994,0.3597892224788666,Europe,27277.543,1.4223353,0.836,0.03,0.982,78.44742
United Kingdom,GBR,1995,0.3551664054393768,Europe,27861.215,1.3911188,0.835,0.03,0.982,78.6591
United Kingdom,GBR,1996,0.3529523909091949,Europe,28472.248,1.2813352,0.841,0.03,0.982,78.89615
United Kingdom,GBR,1997,0.3573516309261322,Europe,29259.764,1.2541257,0.849,0.03,0.982,79.14487
United Kingdom,GBR,1998,0.3662147223949432,Europe,30077.385,1.3833259,0.856,0.032,0.98,79.39156
United Kingdom,GBR,1999,0.3678377866744995,Europe,30932.537,1.4004397,0.862,0.032,0.98,79.62255
United Kingdom,GBR,2000,0.3884864151477813,Europe,31946.037,1.5425688,0.87,0.032,0.98,79.82414
United Kingdom,GBR,2001,0.3708621561527252,Europe,32660.441,1.6259588,0.876,0.04,0.977,79.98383
United Kingdom,GBR,2002,0.3514639437198639,Europe,33271.3,1.8592304,0.881,0.04,0.977,80.11461
United Kingdom,GBR,2005,0.3548503220081329,Europe,35623.625,1.3779763,0.903,0.04,0.977,80.445595
United Kingdom,GBR,2006,0.3587998747825622,Europe,36214.07,1.4119321,0.902,0.04,0.977,80.54643
United Kingdom,GBR,2007,0.3441314697265625,Europe,36816.676,1.42031,0.905,0.04,0.976,80.64833
United Kingdom,GBR,2008,0.3544512391090393,Europe,36264.79,1.2252669,0.91,0.04,0.976,80.75477
United Kingdom,GBR,2009,0.3513736426830292,Europe,34402.36,1.124688,0.915,0.04,0.976,80.86922
United Kingdom,GBR,2010,0.3370560109615326,Europe,34754.473,1.1998765,0.921,0.04,0.976,80.99516
United Kingdom,GBR,2011,0.3319108486175537,Europe,34971.0,1.0077267,0.916,0.04,0.976,81.13597
United Kingdom,GBR,2012,0.3309064507484436,Europe,35243.64,0.98029274,0.917,0.04,0.976,81.290565
United Kingdom,GBR,2013,0.3269956707954407,Europe,35660.56,0.9349367,0.931,0.04,0.977,81.457375
United Kingdom,GBR,2014,0.3314093947410583,Europe,36521.86,0.90031874,0.932,0.04,0.977,81.635574
United Kingdom,GBR,2015,0.3331196308135986,Europe,37101.227,0.9482717,0.931,0.04,0.977,81.82438
United Kingdom,GBR,2016,0.331093281507492,Europe,37593.906,1.1731076,0.934,0.04,0.977,82.023
United Kingdom,GBR,2017,0.326082319021225,Europe,38283.938,1.1755048,0.937,0.038,0.981,82.23066
United Kingdom,GBR,2018,0.3368980288505554,Europe,38704.6,1.0905963,0.936,0.038,0.98,82.44656
United Kingdom,GBR,2019,0.3282418549060821,Europe,39113.01,1.1503338,0.941,0.041,0.974,82.669945
United Kingdom,GBR,2020,0.3264457583427429,Europe,34651.184,0.9457794,0.93,0.042,0.969,82.9
United Kingdom,GBR,2021,0.3241463303565979,Europe,37134.33,1.1186842,0.941,0.053,0.962,82.98864
United States,USA,1990,0.382624864578247,North America,36982.0,9.25038,0.878,0.055,0.976,75.26855
United States,USA,1991,0.3804483711719513,North America,36463.957,9.631872,0.878,0.055,0.976,75.543015
United States,USA,1992,0.3837279379367828,North America,37240.3,9.15233,0.882,0.055,0.976,75.89433
United States,USA,1993,0.4036308825016022,North America,37761.535,9.338498,0.884,0.055,0.978,76.29981
United States,USA,1994,0.3998537957668304,North America,38807.28,8.786521,0.887,0.055,0.978,76.74056
United States,USA,1995,0.3985359668731689,North America,39390.625,8.055755,0.888,0.055,0.978,77.19771
United States,USA,1996,0.4030831456184387,North America,40412.75,7.2528057,0.89,0.055,0.978,77.65234
United States,USA,1997,0.4052412211894989,North America,41722.67,6.6581826,0.893,0.055,0.978,78.08558
United States,USA,1998,0.3995175063610077,North America,43072.758,6.147342,0.895,0.055,0.978,78.47854
United States,USA,1999,0.3998439013957977,North America,44575.848,5.567722,0.895,0.055,0.978,78.81232
United States,USA,2000,0.4013887047767639,North America,45886.47,5.5370793,0.895,0.055,0.98,79.07409
United States,USA,2001,0.4059427380561828,North America,45878.008,6.695168,0.897,0.055,0.979,79.308624
United States,USA,2002,0.4035202264785766,North America,46266.297,5.653043,0.898,0.055,0.979,79.546104
United States,USA,2006,0.4169339835643768,North America,50489.86,5.7941914,0.911,0.055,0.979,80.37131
United States,USA,2007,0.4108876287937164,North America,50901.746,5.67445,0.914,0.055,0.979,80.51532
United States,USA,2008,0.4109227359294891,North America,50275.746,5.3988857,0.914,0.055,0.979,80.62197
United States,USA,2009,0.4084994494915008,North America,48452.934,4.9992948,0.915,0.054,0.982,80.685036
United States,USA,2010,0.4024135768413543,North America,49266.914,4.7328067,0.919,0.054,0.983,80.699776
United States,USA,2011,0.411632776260376,North America,49675.0,4.6675463,0.92,0.054,0.983,80.695755
United States,USA,2012,0.4115574359893799,North America,50436.434,4.6847305,0.923,0.053,0.982,80.68375
United States,USA,2013,0.4087145030498504,North America,51010.797,4.4731393,0.925,0.053,0.981,80.66089
United States,USA,2014,0.4173704087734222,North America,51796.62,4.3835735,0.926,0.053,0.981,80.62422
United States,USA,2015,0.4145592749118805,North America,52808.152,4.8701963,0.928,0.053,0.981,80.5708
United States,USA,2016,0.4133006930351257,North America,53301.016,5.28982,0.929,0.068,0.972,80.497665
United States,USA,2017,0.413858413696289,North America,54152.363,5.205827,0.931,0.1,0.936,80.40187
United States,USA,2018,0.4178259968757629,North America,55454.668,4.886937,0.934,0.097,0.942,80.28046
United States,USA,2019,0.4190183877944946,North America,56469.26,4.934722,0.936,0.093,0.94,80.13048
United States,USA,2020,0.4000106155872345,North America,54379.207,6.3546557,0.925,0.085,0.939,79.99745
United States,USA,2021,0.3969644904136657,North America,57522.703,6.779722,0.921,0.068,0.964,80.00748
United States,USA,2022,0.4169909954071045,North America,58487.465,6.5126743,0.93,0.061,0.966,80.0325
Uruguay,URY,2006,0.4594137966632843,South America,13223.781,6.140739,0.777,0.041,0.965,92.48455
Uruguay,URY,2007,0.4640476703643799,South America,13976.393,5.8874364,0.78,0.041,0.965,92.960365
Uruguay,URY,2008,0.4508153200149536,South America,14869.927,6.6925535,0.783,0.041,0.964,93.459755
Uruguay,URY,2009,0.4554151892662048,South America,15143.996,6.8276067,0.787,0.041,0.964,93.93373
Uruguay,URY,2010,0.4447481036186218,South America,16415.629,6.177341,0.796,0.041,0.963,94.33332
Uruguay,URY,2011,0.421751469373703,South America,17211.0,5.98168,0.801,0.041,0.963,94.60368
Uruguay,URY,2012,0.3990043401718139,South America,17776.027,8.005034,0.804,0.041,0.963,94.76066
Uruguay,URY,2013,0.4045079350471496,South America,18553.332,7.772012,0.812,0.049,0.957,94.884476
Uruguay,URY,2014,0.4011094272136688,South America,19104.312,7.9849014,0.816,0.049,0.96,94.989784
Uruguay,URY,2015,0.4012860059738159,South America,19123.604,8.699481,0.818,0.042,0.965,95.08
Uruguay,URY,2016,0.3969535529613495,South America,19393.982,7.9010844,0.821,0.042,0.965,95.15854
Uruguay,URY,2017,0.3946439027786255,South America,19656.627,8.351933,0.827,0.042,0.965,95.22882
Uruguay,URY,2018,0.3968712091445923,South America,19697.76,12.402291,0.826,0.042,0.967,95.29426
Uruguay,URY,2019,0.3967631459236145,South America,19714.148,11.597768,0.83,0.042,0.967,95.34793
Uruguay,URY,2020,0.4015562534332275,South America,18460.04,10.032457,0.837,0.055,0.961,95.399765
Uruguay,URY,2021,0.4077686071395874,South America,19222.295,9.008759,0.837,0.063,0.948,95.449715
Uruguay,URY,2022,0.4055169522762298,South America,20181.94,11.294893,0.852,0.08,0.934,95.49774
Uzbekistan,UZB,2021,0.3289114236831665,Asia,12076.092,1.3987976,0.727,0.793,0.178,50.92699
Venezuela,VEN,1992,0.4206128120422363,South America,14901.616,15.716319,0.676,0.707,0.567,84.87663
Venezuela,VEN,1995,0.4716661274433136,South America,14448.282,20.190306,0.687,0.69,0.553,86.35287
Venezuela,VEN,1998,0.4799874424934387,South America,14739.051,19.27857,0.7,0.696,0.514,87.64592
Venezuela,VEN,1999,0.4769840538501739,South America,13669.484,24.82279,0.698,0.731,0.431,87.97088
Venezuela,VEN,2001,0.471704751253128,South America,14298.037,31.865593,0.708,0.894,0.204,88.37277
Venezuela,VEN,2002,0.4887784719467163,South America,12856.049,37.809105,0.716,0.902,0.191,88.45538
Venezuela,VEN,2003,0.479061871767044,South America,11728.183,43.803844,0.707,0.902,0.187,88.52228
Venezuela,VEN,2004,0.4731648564338684,South America,13713.045,36.89708,0.718,0.913,0.145,88.58356
Venezuela,VEN,2005,0.4931652247905731,South America,14944.34,37.19881,0.728,0.933,0.081,88.63867
Venezuela,VEN,2006,0.4469836354255676,South America,16253.686,45.02164,0.736,0.933,0.075,88.68708
Vietnam,VNM,2002,0.3702962398529053,Asia,3070.6934,1.3545383,0.621,0.556,0.238,25.554092
Vietnam,VNM,2004,0.3678583204746246,Asia,3437.6643,1.3231436,0.638,0.556,0.233,26.8021
Vietnam,VNM,2006,0.3578861653804779,Asia,3828.9077,1.2754374,0.656,0.565,0.289,28.04583
Vietnam,VNM,2008,0.3557031154632568,Asia,4200.2354,1.2820544,0.672,0.565,0.288,29.219833
Vietnam,VNM,2010,0.3925272524356842,Asia,4571.8486,1.5276401,0.686,0.565,0.291,30.250402
Yemen,YEM,1998,0.3499778509140014,Asia,4044.1484,3.334054,0.423,0.872,0.126,25.543257
Zambia,ZMB,1991,0.5942023396492004,Africa,1279.7516,8.569656,0.416,0.45,0.647,39.25365
Zambia,ZMB,1993,0.525538444519043,Africa,1312.337,8.896668,0.417,0.584,0.607,38.899353
Zambia,ZMB,1998,0.4912264049053192,Africa,1308.9514,9.195976,0.418,0.575,0.61,36.723347
Zambia,ZMB,2010,0.5201219916343689,Africa,3032.0679,5.82861,0.533,0.349,0.699,39.955887
Zambia,ZMB,2015,0.5584074854850769,Africa,3454.3528,5.2015085,0.565,0.294,0.691,41.95551
Zimbabwe,ZWE,2019,0.5025644898414612,Africa,1753.0244,5.1730795,0.584,0.771,0.241,36.183765
